ADVANCED_CATEGORY_UI	INTERFAZ	FIX	Was "UI". Spanish players rarely say UI; "INTERFAZ" fits the tab.
ADVANCED_CATEGORY_HUD	HUD
ADVANCED_CATEGORY_DAMAGE	DAÑO
ADVANCED_CATEGORY_MAP	MAPA
ADVANCED_CATEGORY_STATS	ESTADÍSTICAS
ADVANCED_CATEGORY_GRAPHICS	GRÁFICOS
ADVANCED_CATEGORY_CROSSHAIR	MIRA	CHECK	New term: crosshair = mira.
ADVANCED_CATEGORY_MISC	VARIOS
ADVANCED_OPTION_AV_INITIALSTATE	ESTADO INICIAL DE LA VISIÓN ALIEN
ADVANCED_OPTION_AV_INITIALSTATE_TOOLTIP	Define si la visión alien está activada o no al reaparecer.
ADVANCED_OPTION_BANNERS	AVISOS DE OBJETIVO
ADVANCED_OPTION_BANNERS_TOOLTIP	Activa o desactiva los avisos en el centro de la pantalla (\"Se necesita Commander\", \"Power Node bajo ataque\", \"Evolución perdida\", etc.).	CHECK	The quoted examples should match the Spanish of those banners once they are translated (later batch).
ADVANCED_OPTION_CLASSICAMMO	CONTADOR DE MUNICIÓN CLÁSICO
ADVANCED_OPTION_CLASSICAMMO_TOOLTIP	Muestra un contador de munición clásico abajo a la derecha del HUD de Marine, encima de los recursos personales.
ADVANCED_OPTION_HIVESTATUS	ESTADO DE LAS HIVES
ADVANCED_OPTION_HIVESTATUS_TOOLTIP	Muestra el estado de las Hives arriba a la izquierda del HUD de Alien.
ADVANCED_OPTION_HUDBARS_MARINE	BARRAS DEL HUD (MARINE)
ADVANCED_OPTION_HUDBARS_MARINE_TOOLTIP	El estilo centralizado muestra vida/armadura y munición junto a la mira. El estilo NS1 pone barras grandes abajo, a cada lado.
ADVANCED_OPTION_HUDBARS_MARINE_CHOICE_DEFAULT	PREDETERMINADO
ADVANCED_OPTION_HUDBARS_MARINE_CHOICE_CENTRALIZED	CENTRALIZADO
ADVANCED_OPTION_HUDBARS_MARINE_CHOICE_NS1	ESTILO NS1
ADVANCED_OPTION_HUDBARS_ALIENS	BARRAS DEL HUD (ALIEN)
ADVANCED_OPTION_HUDBARS_ALIENS_TOOLTIP	El estilo centralizado muestra vida/armadura y munición junto a la mira. El estilo NS1 pone barras grandes abajo, a cada lado.
ADVANCED_OPTION_HUDBARS_ALIENS_CHOICE_DEFAULT	PREDETERMINADO
ADVANCED_OPTION_HUDBARS_ALIENS_CHOICE_CENTRALIZED	CENTRALIZADO
ADVANCED_OPTION_HUDBARS_ALIENS_CHOICE_NS1	ESTILO NS1
ADVANCED_OPTION_TOPBAR_ALIENS	VISIBILIDAD DE LA BARRA SUPERIOR (ALIEN)
ADVANCED_OPTION_TOPBAR_ALIENS_TOOLTIP	Elige cuándo mostrar la barra superior en el equipo Alien.
ADVANCED_OPTION_TOPBAR_ALIENS_CHOICE_SHOWALWAYS	MOSTRAR SIEMPRE
ADVANCED_OPTION_TOPBAR_ALIENS_CHOICE_PLAYERONLY	SOLO JUGADOR
ADVANCED_OPTION_TOPBAR_ALIENS_CHOICE_COMMANDERONLY	SOLO COMMANDER
ADVANCED_OPTION_TOPBAR_ALIENS_CHOICE_HIDDEN	OCULTA		Feminine: agrees with "barra".
ADVANCED_OPTION_TOPBAR_MARINES	VISIBILIDAD DE LA BARRA SUPERIOR (MARINE)
ADVANCED_OPTION_TOPBAR_MARINES_TOOLTIP	Elige cuándo mostrar la barra superior en el equipo Marine.
ADVANCED_OPTION_TOPBAR_MARINES_CHOICE_SHOWALWAYS	MOSTRAR SIEMPRE
ADVANCED_OPTION_TOPBAR_MARINES_CHOICE_PLAYERONLY	SOLO JUGADOR
ADVANCED_OPTION_TOPBAR_MARINES_CHOICE_COMMANDERONLY	SOLO COMMANDER
ADVANCED_OPTION_TOPBAR_MARINES_CHOICE_HIDDEN	OCULTA
ADVANCED_OPTION_INSTANT_ALIENHEALTH	BARRA DE VIDA ALIEN INSTANTÁNEA
ADVANCED_OPTION_INSTANT_ALIENHEALTH_TOOLTIP	El círculo de vida alien se actualiza al instante, sin animaciones, cuando cambia la vida.
ADVANCED_OPTION_INVENTORY	INVENTARIO
ADVANCED_OPTION_INVENTORY_CHOICE_DEFAULT	PREDETERMINADO
ADVANCED_OPTION_INVENTORY_CHOICE_HIDE	OCULTAR
ADVANCED_OPTION_INVENTORY_CHOICE_SHOWAMMO	MOSTRAR MUNICIÓN
ADVANCED_OPTION_INVENTORY_CHOICE_ALWAYSON	SIEMPRE VISIBLE
ADVANCED_OPTION_INVENTORY_CHOICE_ALWAYSONAMMO	SIEMPRE VISIBLE + MUNICIÓN
ADVANCED_OPTION_INVENTORY_TOOLTIP	Permite personalizar cómo funciona el inventario.
ADVANCED_OPTION_KILLFEED_CUSTOMCOLOR	COLOR DE RESALTADO DEL KILLFEED	CHECK	New term: killfeed kept in English (common in Spanish gaming). Alternative: "registro de bajas".
ADVANCED_OPTION_KILLFEED_CUSTOMCOLOR_TOOLTIP	Elige el color del borde que resalta tus bajas en el killfeed.
ADVANCED_OPTION_KILLFEED_SCALE	TAMAÑO DEL KILLFEED
ADVANCED_OPTION_KILLFEED_SCALE_TOOLTIP	Permite cambiar el tamaño del killfeed.
ADVANCED_OPTION_KILLFEED_USECOLOR	COLOR DE RESALTADO PERSONALIZADO DEL KILLFEED
ADVANCED_OPTION_KILLFEED_USECOLOR_TOOLTIP	El color personalizado del borde que resalta tus bajas en el killfeed solo se usa si esta opción está activada.
ADVANCED_OPTION_KILLFEED_HIGHLIGHT	RESALTADO DEL KILLFEED
ADVANCED_OPTION_KILLFEED_HIGHLIGHT_TOOLTIP	Activa o desactiva el borde en tus bajas de jugadores en el killfeed.
ADVANCED_OPTION_LOWAMMOWARNING	AVISO DE MUNICIÓN BAJA
ADVANCED_OPTION_LOWAMMOWARNING_TOOLTIP	Activa o desactiva el aviso de munición baja en las pantallas de las armas.
ADVANCED_OPTION_MARINE_HEALTHBARS	BARRAS DE VIDA DE MARINE
ADVANCED_OPTION_MARINE_HEALTHBARS_TOOLTIP	Muestra u oculta las barras de vida abajo a la izquierda del HUD de Marine; ocultas, solo quedan los números.
ADVANCED_OPTION_NAMEPLATE_STYLE	ESTILO DE LAS ETIQUETAS	CHECK	New term: nameplate = etiqueta (the info shown over a unit you look at).
ADVANCED_OPTION_NAMEPLATE_STYLE_TOOLTIP	Cambia el estilo de la información que aparece al mirar a una unidad.
ADVANCED_OPTION_NAMEPLATE_STYLE_CHOICE_DEFAULT	PREDETERMINADO
ADVANCED_OPTION_NAMEPLATE_STYLE_CHOICE_NUMBERS	NÚMEROS
ADVANCED_OPTION_NAMEPLATE_STYLE_CHOICE_BARSONLY	SOLO BARRAS
ADVANCED_OPTION_NAMEPLATE_STYLE_CHOICE_NUMBERSANDBARS	NÚMEROS + BARRAS
ADVANCED_OPTION_RESEARCH_NOTIFICATIONS	NOTIFICACIONES DE INVESTIGACIÓN
ADVANCED_OPTION_RESEARCH_NOTIFICATIONS_TOOLTIP	Activa o desactiva las notificaciones de investigación a la izquierda de la pantalla.
ADVANCED_OPTION_SMALLNAMEPLATES	ETIQUETAS PEQUEÑAS
ADVANCED_OPTION_SMALLNAMEPLATES_TOOLTIP	Hace más pequeño el texto de las etiquetas.
ADVANCED_OPTION_SCORE_POPUP	AVISO DE PUNTOS		The "+5" that pops up when you score.
ADVANCED_OPTION_SCORE_POPUP_TOOLTIP	Activa o desactiva el aviso de puntos. (+5)
ADVANCED_OPTION_SCORE_COLOR	COLOR DEL AVISO DE PUNTOS
ADVANCED_OPTION_SCORE_COLOR_TOOLTIP	Cambia el color del aviso de puntos.
ADVANCED_OPTION_ASSISTS_POPUP	AVISO DE PUNTOS POR ASISTENCIA
ADVANCED_OPTION_ASSISTS_POPUP_TOOLTIP	Activa o desactiva el aviso de puntos por asistencia.
ADVANCED_OPTION_ASSISTS_COLOR	COLOR DEL AVISO DE ASISTENCIAS
ADVANCED_OPTION_ASSISTS_COLOR_TOOLTIP	Cambia el color del aviso de asistencias.
ADVANCED_OPTION_WAYPOINTS	PUNTOS DE RUTA	CHECK	New term: waypoint = punto de ruta.
ADVANCED_OPTION_WAYPOINTS_TOOLTIP	Activa o desactiva todos los puntos de ruta excepto las órdenes de ataque. Los puntos de ruta se siguen viendo en el mapa.
ADVANCED_OPTION_PICKUP_EXPIREBAR	BARRA DE DESAPARICIÓN DE OBJETOS
ADVANCED_OPTION_PICKUP_EXPIREBAR_TOOLTIP	Agrega una barra que indica cuánto falta para que desaparezca un objeto que se puede recoger.
ADVANCED_OPTION_PICKUP_EXPIREBAR_CHOICE_EQUIPMENTONLY	SOLO EQUIPAMIENTO
ADVANCED_OPTION_PICKUP_EXPIREBAR_CHOICE_ALLPICKUPABLES	TODOS LOS OBJETOS
ADVANCED_OPTION_PICKUP_EXPIREBAR_DYNAMIC	BARRA DE DESAPARICIÓN CON COLOR DINÁMICO
ADVANCED_OPTION_PICKUP_EXPIREBAR_DYNAMIC_TOOLTIP	Cambia el color de la barra a medida que se acaba el tiempo.
ADVANCED_OPTION_DYNAMIC_REPAIR_ICON	ÍCONO DE REPARACIÓN CON COLOR DINÁMICO		"Ícono" is the Latin American form (Spain: "icono").
ADVANCED_OPTION_DYNAMIC_REPAIR_ICON_TOOLTIP	La llave inglesa del HUD de Marine cambia de color según el daño recibido.
ADVANCED_OPTION_SERVER_BLOOD_HITS	SANGRE CONFIRMADA POR EL SERVIDOR
ADVANCED_OPTION_SERVER_BLOOD_HITS_TOOLTIP	Desactiva la sangre predicha en el cliente y muestra solo la sangre confirmada por el servidor.
ADVANCED_OPTION_SERVER_BLOOD_HITS_CHOICE_PREDICTED	PREDICHA
ADVANCED_OPTION_SERVER_BLOOD_HITS_CHOICE_SERVERCONFIRMED	CONFIRMADA POR EL SERVIDOR
ADVANCED_OPTION_DAMAGE_NUMBER_FADETIME	DURACIÓN DE LOS NÚMEROS DE DAÑO
ADVANCED_OPTION_DAMAGE_NUMBER_FADETIME_TOOLTIP	Controla cuánto tiempo se ven los números de daño en pantalla.
ADVANCED_OPTION_DAMAGE_NUMBER_SCALE	TAMAÑO DE LOS NÚMEROS DE DAÑO
ADVANCED_OPTION_DAMAGE_NUMBER_SCALE_TOOLTIP	Permite cambiar el tamaño de los números de daño.
ADVANCED_OPTION_DAMAGE_NUMBER_COLOR_MARINE	COLOR DE LOS NÚMEROS DE DAÑO (MARINE)
ADVANCED_OPTION_DAMAGE_NUMBER_COLOR_MARINE_TOOLTIP	Cambia el color de los números de daño cuando estás en el equipo Marine.
ADVANCED_OPTION_DAMAGE_NUMBER_COLOR_ALIEN	COLOR DE LOS NÚMEROS DE DAÑO (ALIEN)
ADVANCED_OPTION_DAMAGE_NUMBER_COLOR_ALIEN_TOOLTIP	Cambia el color de los números de daño cuando estás en el equipo Alien.
ADVANCED_OPTION_DAMAGE_NUMBER_COLOR_BONESHIELD	COLOR DE LOS NÚMEROS DE DAÑO AL BONESHIELD		Glossary keeps Bone Shield in English.
