ADVANCED_OPTION_DAMAGE_NUMBER_COLOR_BONESHIELD_TOOLTIP	Cambia el color de los números de daño al golpear un Boneshield activo.
ADVANCED_OPTION_MARINE_MINIMAP	MINIMAPA DE MARINE
ADVANCED_OPTION_MARINE_MINIMAP_TOOLTIP	Activa o desactiva el minimapa de Marine en la esquina superior izquierda.
ADVANCED_OPTION_MAP_BACKGROUND_OPACITY	OPACIDAD DEL FONDO DEL MAPA
ADVANCED_OPTION_MAP_BACKGROUND_OPACITY_TOOLTIP	Define la opacidad del fondo del mapa.
ADVANCED_OPTION_MAP_LOCATION_TEXT_OPACITY	OPACIDAD DE LOS NOMBRES DE ZONA		"Location text" = the room names on the map.
ADVANCED_OPTION_MAP_LOCATION_TEXT_OPACITY_TOOLTIP	Define la transparencia de los nombres de zona en el mapa.		English has a typo ("trasparency"); the Spanish is fine.
ADVANCED_OPTION_MAP_FRIENDS_HIGHLIGHT	RESALTAR AMIGOS
ADVANCED_OPTION_MAP_FRIENDS_HIGHLIGHT_TOOLTIP	Activa o desactiva el resaltado de amigos en el mapa.
ADVANCED_OPTION_PHASEGATE_LINES	LÍNEAS DE LOS PORTALES DE FASE		Glossary: Phase Gate = portal de fase.
ADVANCED_OPTION_PHASEGATE_LINES_TOOLTIP	Personaliza el aspecto de las líneas de los portales de fase en el mapa.
ADVANCED_OPTION_PHASEGATE_LINES_CHOICE_SOLID	LÍNEA CONTINUA
ADVANCED_OPTION_PHASEGATE_LINES_CHOICE_STATICARROWS	FLECHAS ESTÁTICAS
ADVANCED_OPTION_PHASEGATE_LINES_CHOICE_ANIMATEDLINES	LÍNEAS ANIMADAS
ADVANCED_OPTION_PHASEGATE_LINES_CHOICE_ANIMATEDARROWS	FLECHAS ANIMADAS
ADVANCED_OPTION_MAP_TOGGLE	FUNCIONAMIENTO DE LA TECLA DEL MAPA
ADVANCED_OPTION_MAP_TOGGLE_TOOLTIP	Elige si el mapa se abre al mantener presionada la tecla o se alterna con cada pulsación.	CHECK	"cada pulsación": the noun is neutral, but check it does not read as Spain-ish "pulsar".
ADVANCED_OPTION_MAP_TOGGLE_CHOICE_HOLD	MANTENER
ADVANCED_OPTION_MAP_TOGGLE_CHOICE_TOGGLE	ALTERNAR
ADVANCED_OPTION_PLAYER_ARROWCOLOR	COLOR DE LA FLECHA DEL JUGADOR
ADVANCED_OPTION_MAP_ELEMENTSCOLOR	COLOR DE TECH POINTS/NODOS DE RES EN EL MAPA		Glossary: tech point kept, resource node = nodo de res.
ADVANCED_OPTION_MAP_ELEMENTSCOLOR_TOOLTIP	Define el color de los tech points y nodos de res vacíos en el mapa.
ADVANCED_OPTION_PLAYER_ARROWCOLOR_TOOLTIP	Define el color de la flecha que indica tu posición en el mapa.
ADVANCED_OPTION_MARINE_PLAYERCOLOR	COLOR DE LOS MARINES EN EL MAPA
ADVANCED_OPTION_MARINE_PLAYERCOLOR_TOOLTIP	Define el color de los demás jugadores Marine en el mapa.
ADVANCED_OPTION_ALIEN_PLAYERCOLOR	COLOR DE LOS ALIENS EN EL MAPA
ADVANCED_OPTION_ALIEN_PLAYERCOLOR_TOOLTIP	Define el color de los demás jugadores Alien en el mapa.
ADVANCED_OPTION_COMMANDER_BUILDING_HIGHLIGHT	(COMM) RESALTAR EDIFICIOS
ADVANCED_OPTION_COMMANDER_BUILDING_HIGHLIGHT_TOOLTIP	Resalta en otro color, en el mapa, los edificios del mismo tipo que el que vas a colocar.
ADVANCED_OPTION_COMMANDER_BUILDING_HIGHLIGHT_COLOR	(COMM) COLOR DE RESALTADO DE EDIFICIOS
ADVANCED_OPTION_COMMANDER_BUILDING_HIGHLIGHT_COLOR_TOOLTIP	Elige el color del resaltado de edificios.
ADVANCED_OPTION_DEATHSTATS	PANEL DE ESTADÍSTICAS
ADVANCED_OPTION_DEATHSTATS_TOOLTIP	Activa o desactiva las estadísticas que ves al morir y al final de la ronda. También aparecen en el menú de voz (por defecto: X).
ADVANCED_OPTION_DEATHSTATS_CHOICE_DISABLED	DESACTIVADO POR COMPLETO
ADVANCED_OPTION_DEATHSTATS_CHOICE_VOICEOVERONLY	SOLO EN EL MENÚ DE VOZ
ADVANCED_OPTION_PARTICLES	PARTÍCULAS MÍNIMAS
ADVANCED_OPTION_PARTICLES_TOOLTIP	Alterna entre las partículas predeterminadas y unas que tapan menos la vista.
ADVANCED_OPTION_MAP_PARTICLES	PARTÍCULAS DEL MAPA
ADVANCED_OPTION_MAP_PARTICLES_TOOLTIP	Activa o desactiva las partículas, hologramas y otros efectos propios del mapa.
ADVANCED_OPTION_WEAPON_TRACERS	TRAZADORAS		The visible streaks of bullets.
ADVANCED_OPTION_WEAPON_TRACERS_TOOLTIP	Activa o desactiva las trazadoras de las armas.
ADVANCED_OPTION_CROSSHAIR_HIT_FADETIME	DURACIÓN DEL INDICADOR DE IMPACTO
ADVANCED_OPTION_CROSSHAIR_HIT_FADETIME_TOOLTIP	Controla cuánto dura el indicador de impacto de la mira después de golpear un objetivo.
ADVANCED_OPTION_CROSSHAIR_SCALE	TAMAÑO DE LA MIRA
ADVANCED_OPTION_CROSSHAIR_SCALE_TOOLTIP	Permite agrandar o achicar la mira.		"Achicar" is common in Latin America; neutral alternative: "reducir".
ADVANCED_OPTION_RELOAD_INDICATOR	INDICADOR DE RECARGA Y ENFRIAMIENTO
ADVANCED_OPTION_RELOAD_INDICATOR_TOOLTIP	Muestra un indicador de recarga alrededor de la mira. También muestra el enfriamiento de algunas habilidades de movimiento alien.
ADVANCED_OPTION_RELOAD_INDICATOR_COLOR	COLOR DEL INDICADOR DE RECARGA
ADVANCED_OPTION_RELOAD_INDICATOR_COLOR_TOOLTIP	Define el color del indicador de recarga.
ADVANCED_OPTION_CASTER_MODE	MODO STREAMER
ADVANCED_OPTION_CASTER_MODE_TOOLTIP	Hace que NS2 use los valores predeterminados de todas las opciones avanzadas sin sobrescribir tu configuración actual.
ADVANCED_OPTION_UI_SCALING	ESCALA DE LA INTERFAZ
ADVANCED_OPTION_UI_SCALING_TOOLTIP	Cambia la escala de la interfaz. No todo se adapta, porque no todo usa la misma función de escala, y algunos elementos pueden romperse. Úsalo bajo tu propio riesgo.
ADVANCED_OPTION_WEAPON_AUTOPICKUP	RECOGER ARMAS AUTOMÁTICAMENTE
ADVANCED_OPTION_WEAPON_AUTOPICKUP_TOOLTIP	Recoge armas automáticamente siempre que su espacio esté vacío.
ADVANCED_OPTION_WEAPON_AUTOPICKUP_BETTER	RECOGER AUTOMÁTICAMENTE ARMAS MEJORES
ADVANCED_OPTION_WEAPON_AUTOPICKUP_BETTER_TOOLTIP	Recoge automáticamente armas mejores para el espacio principal.
ADVANCED_OPTION_COMMANDER_MARINE_CLICK_SELECTION	(COMM) SELECCIONAR MARINES CON CLICK		Style guide: "click".
ADVANCED_OPTION_COMMANDER_MARINE_CLICK_SELECTION_TOOLTIP	Permite desactivar la selección de Marines con click.
ADVANCED_OPTION_COMMANDER_PLAYERALERT_QUEUE	(COMM) FILTRO DE ALERTAS CON ESPACIO
ADVANCED_OPTION_COMMANDER_PLAYERALERT_QUEUE_TOOLTIP	Hace que el atajo de la barra espaciadora para la cola de alertas solo responda a pedidos de jugadores.
ADVANCED_OPTION_COMMANDER_PLAYERALERT_QUEUE_CHOICE_ALLALERTS	TODAS LAS ALERTAS
ADVANCED_OPTION_COMMANDER_PLAYERALERT_QUEUE_CHOICE_ONLYPLAYER	SOLO ALERTAS DE JUGADORES
ADVANCED_OPTION_RESEARCH_TIME_TOOLTIP	TIEMPO DE INVESTIGACIÓN EN EL TOOLTIP	CHECK	The option adds the time left to the research tooltip. "Tooltip" kept; alternative: "descripción emergente".
ADVANCED_OPTION_RESEARCH_TIME_TOOLTIP_TOOLTIP	Muestra el tiempo restante al pasar el mouse sobre el ícono de investigación.
ADVANCED_OPTION_DRAW_VIEWMODEL_LABEL	MOSTRAR MODELO EN PRIMERA PERSONA	CHECK	New term: viewmodel = modelo en primera persona (arms and weapon on screen). Alternative: keep VIEWMODEL.
ADVANCED_OPTION_DRAW_VIEWMODEL_LABEL_TOOLTIP	Muestra u oculta el modelo en primera persona.
ADVANCED_OPTION_DRAW_VIEWMODEL_MARINE_LABEL	MODELO EN PRIMERA PERSONA (MARINE)
ADVANCED_OPTION_DRAW_VIEWMODEL_MARINE_TOOLTIP	Muestra u oculta el modelo en primera persona del Marine.
ADVANCED_OPTION_DRAW_VIEWMODEL_EXO_LABEL	MODELO EN PRIMERA PERSONA (EXO)
ADVANCED_OPTION_DRAW_VIEWMODEL_EXO_TOOLTIP	Muestra u oculta el modelo en primera persona del Exo.
ADVANCED_OPTION_DRAW_VIEWMODEL_ALIEN_LABEL	MODELO EN PRIMERA PERSONA (ALIEN)
ADVANCED_OPTION_DRAW_VIEWMODEL_ALIEN_TOOLTIP	Muestra u oculta el modelo en primera persona de los Aliens.
ADVANCED_OPTION_DRAW_VIEWMODEL_SKULK_LABEL	MODELO EN PRIMERA PERSONA (SKULK)
ADVANCED_OPTION_DRAW_VIEWMODEL_SKULK_TOOLTIP	Muestra u oculta el modelo en primera persona del Skulk.
ADVANCED_OPTION_DRAW_VIEWMODEL_GORGE_LABEL	MODELO EN PRIMERA PERSONA (GORGE)
ADVANCED_OPTION_DRAW_VIEWMODEL_GORGE_TOOLTIP	Muestra u oculta el modelo en primera persona del Gorge.
ADVANCED_OPTION_DRAW_VIEWMODEL_LERK_LABEL	MODELO EN PRIMERA PERSONA (LERK)
ADVANCED_OPTION_DRAW_VIEWMODEL_LERK_TOOLTIP	Muestra u oculta el modelo en primera persona del Lerk.
ADVANCED_OPTION_DRAW_VIEWMODEL_FADE_LABEL	MODELO EN PRIMERA PERSONA (FADE)
ADVANCED_OPTION_DRAW_VIEWMODEL_FADE_TOOLTIP	Muestra u oculta el modelo en primera persona del Fade.
ADVANCED_OPTION_DRAW_VIEWMODEL_ONOS_LABEL	MODELO EN PRIMERA PERSONA (ONOS)
ADVANCED_OPTION_DRAW_VIEWMODEL_ONOS_TOOLTIP	Muestra u oculta el modelo en primera persona del Onos.
ADVANCED_OPTION_DRAW_VIEWMODEL_CHOICE_HIDE	OCULTAR
ADVANCED_OPTION_DRAW_VIEWMODEL_CHOICE_DISPLAY	MOSTRAR
ADVANCED_OPTION_DRAW_VIEWMODEL_CHOICE_DISPLAYALL	MOSTRAR TODOS
ADVANCED_OPTION_DRAW_VIEWMODEL_CHOICE_HIDEALL	OCULTAR TODOS
ADVANCED_OPTION_DRAW_VIEWMODEL_CHOICE_CUSTOM	PERSONALIZADO
ADVANCED_OPTION_RESET_ADVANCED_OPTIONS	RESTABLECER OPCIONES AVANZADAS
ADVANCED_OPTION_RESET_POPUP_TITLE	RESTABLECER OPCIONES AVANZADAS
ADVANCED_OPTION_RESET_POPUP_MESSAGE	¿Restablecer TODAS las opciones avanzadas a sus valores predeterminados?
ADVANCED_OPTION_RESET_POPUP_BUTTON_RESET	SÍ, RESTABLECER
