TUTORIAL_SILVER_COMMANDER_MARINE_1	¡Bienvenido de nuevo al equipo Marine, soldado! Es hora de enseñarte a ser Commander. Entra en la Command Station que tienes delante.		
TUTORIAL_SILVER_COMMANDER_MARINE_2	Como Commander, tu trabajo es supervisar el campo de batalla y dar órdenes a tus tropas. Para mover la vista, simplemente lleva el cursor del mouse al borde de la pantalla.		
TUTORIAL_SILVER_COMMANDER_MARINE_3	Bien. También puedes moverte rápido por el campo de batalla arrastrando sobre el minimapa de la esquina inferior izquierda. Pruébalo ahora.		
TUTORIAL_SILVER_COMMANDER_MARINE_4	Bien. El Commander es un rol vital para ambos equipos en NS2. Tan vital que la partida no empieza hasta que ambos equipos hayan elegido uno. Los Aliens acaban de elegir a su Commander: ya puede empezar la partida.		
TUTORIAL_SILVER_COMMANDER_MARINE_5	En la esquina inferior derecha de la pantalla hay tres pestañas: estructuras básicas, estructuras avanzadas y habilidades de Commander.		
TUTORIAL_SILVER_COMMANDER_MARINE_6	A la derecha del minimapa está el botón del árbol de tecnologías. Haz click en él.		
TUTORIAL_SILVER_COMMANDER_MARINE_7	El árbol de tecnologías muestra todas las investigaciones y mejoras que ya se compraron, se están comprando o aún no se compraron. Como ves, no empezamos con mucho.		
TUTORIAL_SILVER_COMMANDER_MARINE_8	La única forma de arreglarlo es gastar muchos recursos. Cierra el árbol.		
TUTORIAL_SILVER_COMMANDER_MARINE_9	Uno de tus Marines está pidiendo órdenes. Haz click en el ícono de notificación a la derecha de la pantalla para ir a su ubicación.		
TUTORIAL_SILVER_COMMANDER_MARINE_10	Queremos construir un Extractor en este cuarto, pero primero hay que traer energía. Selecciona el Nodo de energía sin colocar.		
TUTORIAL_SILVER_COMMANDER_MARINE_11	Fíjate que al colocar el plano también se colocó el Nodo de energía de este cuarto. Es buena costumbre construir primero el Nodo de energía, porque es gratis.		
TUTORIAL_SILVER_COMMANDER_MARINE_12	En cambio, una vez que empieza la construcción de una estructura, ese dinero queda gastado y no se recupera por completo si los Aliens atacan de repente.		
TUTORIAL_SILVER_COMMANDER_MARINE_13	Coloca ahora el plano del Extractor para el grupo en Logistics.		
TUTORIAL_SILVER_COMMANDER_MARINE_14	¡Están atacando a un Marine!		
TUTORIAL_SILVER_COMMANDER_MARINE_15	¡Un Alien mató al constructor y está destruyendo el Extractor! Por suerte hay refuerzos en camino.		
TUTORIAL_SILVER_COMMANDER_MARINE_16	El Extractor se salvó, pero uno de nuestros soldados está herido. Suéltale un Med pack.		
TUTORIAL_SILVER_COMMANDER_MARINE_17	Este Marine estaba muy herido y necesita un Med pack más para volver a tener la salud completa.		
TUTORIAL_SILVER_COMMANDER_MARINE_18	Bien. Aunque ya está curado del todo, su armadura sigue dañada, así que no será tan efectivo en combate. Una forma de reparar la armadura es con un soldador.		
TUTORIAL_SILVER_COMMANDER_MARINE_19	Necesitamos un Armory para conseguir soldadores. Construye un Armory en la base principal.		
TUTORIAL_SILVER_COMMANDER_MARINE_20	Bien, ese Marine ya puede reparar a su compañero y la torre de recursos dañada.		
TUTORIAL_SILVER_COMMANDER_MARINE_21	Ahora deberíamos construir un Observatory en la base principal como línea de defensa extra.		
TUTORIAL_SILVER_COMMANDER_MARINE_22	Parece que todos nuestros soldados están en otras partes del campo de batalla, ¡y ese Observatory no se va a construir solo!		
TUTORIAL_SILVER_COMMANDER_MARINE_23	Como Commander, puedes salir de la Command Station en cualquier momento.		
TUTORIAL_SILVER_COMMANDER_MARINE_24	Pero ten en cuenta que al salir de la Command Station ya no puedes apoyar a tu equipo ni usar habilidades de Commander, ¡y eso a veces decide la partida! Úsalo con moderación.		
TUTORIAL_SILVER_COMMANDER_MARINE_25	¡Excelente, ahora los veremos venir desde lejos! Vuelve a la Command Station.		
TUTORIAL_SILVER_COMMANDER_MARINE_26	Los dos Marines del lado izquierdo del mapa están listos para asegurar más territorio. Síguelos.		
TUTORIAL_SILVER_COMMANDER_MARINE_27	Los Marines del lado izquierdo hacen bien en mantener su posición hasta estar curados. Suéltales Med packs.		
TUTORIAL_SILVER_COMMANDER_MARINE_28	Este cuarto parece seguro. Haz que tus Marines construyan otro Extractor aquí. ¡Nunca sobran Extractors!		
TUTORIAL_SILVER_COMMANDER_MARINE_29	Este territorio queda bastante lejos de la base. Deberíamos conectar los dos cuartos con un par de portales de fase.		
TUTORIAL_SILVER_COMMANDER_MARINE_30	Parece que necesitamos una tecnología previa para construir portales de fase. Selecciona el Observatory de la base principal e investiga \"Tecnología de fase\"		
TUTORIAL_SILVER_COMMANDER_MARINE_31	¡Están atacando Repair Room! ¡Suelta Med packs para mantenerlos con vida!		
TUTORIAL_SILVER_COMMANDER_MARINE_32	Estuvo cerca. Al menos nos queda un soldado en el cuarto para construir un portal de fase. Cúralo con Med packs si hace falta.		
TUTORIAL_SILVER_COMMANDER_MARINE_33	La tecnología de fase terminó de investigarse. Coloca el plano del portal de fase en Repair.		
TUTORIAL_SILVER_COMMANDER_MARINE_34	Los portales de fase funcionan conectándose con otros portales de fase. Tendremos que construir uno también en la base para que este tenga con qué conectarse.		
TUTORIAL_SILVER_COMMANDER_MARINE_35	No hace falta que salgas de la Command Station. El Marine que murió en Repair renació y está construyendo el portal. Evita salir de la Command Station siempre que puedas.		
TUTORIAL_SILVER_COMMANDER_MARINE_36	Bien. Ahora nuestras tropas pueden viajar al instante entre la base principal y Repair Room.		
TUTORIAL_SILVER_COMMANDER_MARINE_37	A los Marines de Observation les queda poca munición. Suéltales paquetes de munición para reabastecerlos.		
TUTORIAL_SILVER_COMMANDER_MARINE_38	Estuvo cerca. Tenemos que equipar mejor a nuestros soldados. Coloca el plano de un Arms Lab en la base principal.		
TUTORIAL_SILVER_COMMANDER_MARINE_39	Mientras se construye, deberíamos curar a ese Marine solitario que aguanta la línea en Observation. Siempre que te alcance, trata de mantener a tus Marines con la salud completa.		
TUTORIAL_SILVER_COMMANDER_MARINE_40	Selecciona el Arms Lab y empieza la mejora \"Armadura 1\". Dará más protección a nuestros soldados.		
TUTORIAL_SILVER_COMMANDER_MARINE_41	¡Están atacando Repair Room! Prueba usar la barra espaciadora para ir a la alerta.		
TUTORIAL_SILVER_COMMANDER_MARINE_42	Como pensamos mantener este cuarto por un buen rato, quizá salga más barato construir aquí un Armory para los Marines que gastar el dinero en Med packs y paquetes de munición.		
TUTORIAL_SILVER_COMMANDER_MARINE_43	Construye un Armory en Repair Room.		
TUTORIAL_SILVER_COMMANDER_MARINE_44	Estos dos Marines deberían poder mantener este cuarto sin supervisión del Commander por un rato.		
TUTORIAL_SILVER_COMMANDER_MARINE_45	La mejora Armadura 1 acaba de terminar. Deberíamos empezar a mejorar las armas de inmediato. Selecciona el Arms Lab y mejora \"Armas 1\" ahora.		
TUTORIAL_SILVER_COMMANDER_MARINE_46	Commander, los Marines de Observation están listos para avanzar. Ayúdalos.		
TUTORIAL_SILVER_COMMANDER_MARINE_47	Hay bastantes Aliens atacando esta parte del mapa. ¿Tendrán un túnel cerca?		
TUTORIAL_SILVER_COMMANDER_MARINE_48	Como tenemos un Observatory, podemos escanear cualquier lugar del mapa. Escanea el cuarto de adelante para ver qué tienen los Aliens.		
TUTORIAL_SILVER_COMMANDER_MARINE_49	¡No! Es mucho peor que un túnel: ¡los Aliens tienen una Hive en Elevator Transfer!		
TUTORIAL_SILVER_COMMANDER_MARINE_50	Coloca el plano de un portal de fase en Observation: vamos a construir una base avanzada aquí.		
TUTORIAL_SILVER_COMMANDER_MARINE_51	Ahora colócales un Armory, como hicimos en Repair.		
TUTORIAL_SILVER_COMMANDER_MARINE_52	Uno de los jugadores pide escopetas, que son mucho más potentes a corta distancia que el Rifle. Selecciona el Armory e investiga las escopetas ahora.		
TUTORIAL_SILVER_COMMANDER_MARINE_53	Bien. Ahora pensemos cómo vamos a destruir esta Hive.		
TUTORIAL_SILVER_COMMANDER_MARINE_54	Una opción es simplemente entrar a los tiros. Pero con tan pocos Marines y tantos Aliens, es poco probable que funcione.		
TUTORIAL_SILVER_COMMANDER_MARINE_55	Por suerte, tenemos otra opción. Construye una Robotics Factory en la base avanzada.		
TUTORIAL_SILVER_COMMANDER_MARINE_56	Selecciona la Robotics Factory y mejórala a ARC Factory.		
TUTORIAL_SILVER_COMMANDER_MARINE_57	Los ARCs pueden disparar a través de las paredes a corta distancia, ¡así que ni siquiera hace falta entrar al cuarto para destruir esa Hive!		
TUTORIAL_SILVER_COMMANDER_MARINE_58	Construye un ARC en nuestra nueva ARC Factory.		
TUTORIAL_SILVER_COMMANDER_MARINE_59	Aunque los ARCs disparan a través de las paredes, igual necesitan que alguien les marque los objetivos. Podríamos escanear el cuarto una y otra vez, pero a la larga sale más barato construir un Observatory cerca.		
TUTORIAL_SILVER_COMMANDER_MARINE_60	Bien, ahora selecciona el ARC y despliégalo en modo de disparo.		
TUTORIAL_SILVER_COMMANDER_MARINE_61	Mmm... algo anda mal. Hace rato que no vemos ningún Alien. ¿Qué estarán tramando?		
TUTORIAL_SILVER_COMMANDER_MARINE_62	¡Viene un ataque en masa a la base! ¡Mira tu mapa!		
TUTORIAL_SILVER_COMMANDER_MARINE_63	Hay que traer a todas las tropas de vuelta para enfrentar esto. Selecciona el Observatory y usa la habilidad \"Beacon de emergencia\".		
TUTORIAL_SILVER_COMMANDER_MARINE_64	Mantener la calma está muy bien, pero de verdad podrías hacer más para proteger la base.		
TUTORIAL_SILVER_COMMANDER_MARINE_65	¡Buen trabajo! ¡Ahora vamos a acabar con esa Hive!		
TUTORIAL_SILVER_COMMANDER_MARINE_66	Buen trabajo... al final.		
TUTORIAL_SILVER_COMMANDER_MARINE_67	Ahora sugiero que acabemos con esa Hive, si no es mucho pedir.		
TUTORIAL_SILVER_COMMANDER_MARINE_68	¡Buen trabajo! ¡Los Aliens fueron derrotados!		
TUTORIAL_SILVER_COMMANDER_MARINE_69	Ahora haz click en el botón \"Colocar Nodo de energía\" del panel de comandos.		
TUTORIAL_SILVER_COMMANDER_MARINE_70	Bien. Ahora crea el plano de un Extractor sobre el nodo de recursos.		
TUTORIAL_SILVER_COMMANDER_MARINE_71	De verdad deberías volver a la Command Station.		
TUTORIAL_SILVER_COMMANDER_MARINE_72	Por cierto, este no es el easter egg. Solo estás rompiendo el ritmo del tutorial, y eso me pone triste. ¡Vuelve a la Command Station!		
TUTORIAL_SILVER_COMMANDER_MARINE_73	Armas 1 acaba de terminar de investigarse. Deberíamos empezar la siguiente mejora enseguida.		
TUTORIAL_SILVER_COMMANDER_MARINE_74	Aquí podemos construir una pieza de artillería especial llamada ARC. Los ARCs solo atacan estructuras, ¡pero pueden disparar a través de las paredes!		
TUTORIAL_SILVER_COMMANDER_MARINE_75	¡Estás moviendo el ARC para el lado equivocado! Ya estaba en un buen lugar, donde se construyó. Llévalo de vuelta adonde están los Marines.		
TUTORIAL_SILVER_COMMANDER_MARINE_76	No hace falta meter el ARC en la base enemiga: puede bombardear la Hive a través de la pared. Llévalo de vuelta adonde están los Marines.		
TUTORIAL_SILVER_COMMANDER_MARINE_77	Felicitaciones, descubriste que el tutorial en realidad no te deja perder. Estamos todos muy impresionados con lo listo que eres; ahora, ¿podrías seguir, por favor?		
TUTORIAL_SILVER_COMMANDER_MARINE_78	Con esto termina tu entrenamiento formal como Commander, soldado. Ten en cuenta que aún queda mucho por aprender, y lo irás aprendiendo en el campo. Buena suerte. Puede retirarse.		
TUTORIAL_SILVER_COMMANDER_MARINE_EASTER_EGG_1	Escanea el cuarto llamado \"Elevator Transfer\".		
TUTORIAL_SILVER_COMMANDER_MARINE_EASTER_EGG_2	Es el del lado derecho del mapa, justo al norte de los dos Marines.		
TUTORIAL_SILVER_COMMANDER_MARINE_EASTER_EGG_3	Sabes lo que significa \"norte\", ¿verdad?		
TUTORIAL_SILVER_COMMANDER_MARINE_EASTER_EGG_4	Y supongo que \"lado derecho\" tampoco te queda grande, ¿no?		
TUTORIAL_SILVER_COMMANDER_MARINE_EASTER_EGG_5	...¿y \"dos\"? ¿Voy... voy demasiado rápido?		
TUTORIAL_SILVER_COMMANDER_MARINE_EASTER_EGG_6	Bueno, probemos desde otro ángulo...		
TUTORIAL_SILVER_COMMANDER_MARINE_EASTER_EGG_7	Abajo...		
TUTORIAL_SILVER_COMMANDER_MARINE_EASTER_EGG_8	Izquierda...		
TUTORIAL_SILVER_COMMANDER_MARINE_EASTER_EGG_9	Derecha...		
TUTORIAL_SILVER_COMMANDER_MARINE_EASTER_EGG_10	Arriba...	FIX	Was left as "Up...".
TUTORIAL_SILVER_COMMANDER_MARINE_EASTER_EGG_11	¿Me estás escuchando?		
TUTORIAL_SILVER_COMMANDER_MARINE_EASTER_EGG_12	Bueno, probemos otra cosa...		
TUTORIAL_SILVER_COMMANDER_MARINE_EASTER_EGG_13	Helado...		
TUTORIAL_SILVER_COMMANDER_MARINE_EASTER_EGG_14	¡TE QUEMAS!		
TUTORIAL_SILVER_COMMANDER_MARINE_EASTER_EGG_15	Más caliente...		
TUTORIAL_SILVER_COMMANDER_MARINE_EASTER_EGG_16	Más frío...		
TUTORIAL_SILVER_COMMANDER_MARINE_EASTER_EGG_17	Te juro que esto sería mucho más entretenido si no te hubiera dado ya instrucciones explícitas de adónde te estoy mandando...		
TUTORIAL_SILVER_COMMANDER_MARINE_EASTER_EGG_18	Es increíble que hayas logrado encontrar el mouse y el teclado, ni hablar de abrir el juego.		
TUTORIAL_SILVER_COMMANDER_MARINE_EASTER_EGG_19	Quizá solo eres joven y tonto...		
TUTORIAL_SILVER_COMMANDER_MARINE_EASTER_EGG_20	Esta no es una tontería común y corriente... esto es... tontería AVANZADA...	CHECK	Lines 20 to 22 quote old internet memes; translated for sense.
TUTORIAL_SILVER_COMMANDER_MARINE_EASTER_EGG_21	¿No? Bueno, ¿qué tal \"¡El nivel de tontería aquí es demasiado alto!\"?		
TUTORIAL_SILVER_COMMANDER_MARINE_EASTER_EGG_22	¡¿X QUÉ NO escaneas la zona correcta, tonto?!	CHECK	The "Y U NO" meme.
TUTORIAL_SILVER_COMMANDER_MARINE_EASTER_EGG_23	Bueno, parece que usar memes viejos tampoco me sirve para llegar a ti...		
TUTORIAL_SILVER_COMMANDER_MARINE_EASTER_EGG_24	En serio, me quedé sin ideas.		
TUTORIAL_SILVER_COMMANDER_MARINE_EASTER_EGG_25	Dale... ¡sigue escaneando! ¡Yo NO QUIERO que escanees \"Elevator Transfer\"!		
TUTORIAL_SILVER_COMMANDER_MARINE_EASTER_EGG_26	¿Alguna vez funcionó de verdad la psicología inversa? Solo... tengo curiosidad.		
TUTORIAL_SILVER_COMMANDER_MARINE_EASTER_EGG_27	Con la cantidad de escaneos que hiciste, es sorprendente que aún no hayas descubierto el tesoro. El... tesoro... perdido... del Gorge... ...		
TUTORIAL_SILVER_COMMANDER_MARINE_EASTER_EGG_28	Bueno, no hay ningún tesoro... lo inventé...		
TUTORIAL_SILVER_COMMANDER_MARINE_EASTER_EGG_29	En serio... ¡no existe!		
TUTORIAL_SILVER_COMMANDER_MARINE_EASTER_EGG_30	Ay, por... ¡ESTÁ BIEN! Aquí tienes tu maldito tesoro. ¿Ahora podrías escanear \"Elevator Transfer\" para que podamos seguir?		
TUTORIAL_SILVER_COMMANDER_MARINE_SHOTGUNS_PLZ	escopetas plz!!!!		
TUTORIAL_SILVER_COMMANDER_SCAN	Escanear el cuarto		
TUTORIAL_SILVER_COMMANDER_SELECT_DRIFTER	Seleccionar Drifter		
TUTORIAL_SILVER_COMMANDER_SELECT_WHIP	Seleccionar Whip		
TUTORIAL_SILVER_RESEARCH_ARMOR_1	Investigar Armadura 1		
TUTORIAL_SILVER_RESEARCH_ARMOR_2	Investigar Armadura 2		
TUTORIAL_SILVER_RESEARCH_PHASE_TECH	Investigar tecnología de fase		
TUTORIAL_SILVER_RESEARCH_SHOTGUNS	Investigar escopetas		
TUTORIAL_SILVER_RESEARCH_WEAPONS_1	Investigar Armas 1		
TUTORIAL_SILVER_RESEARCH_WEAPONS_2	Investigar Armas 2		
TUTORIAL_SILVER_SHOW_TECH_MAP	Mostrar árbol de tecnologías (mantener)		
TUTORIAL_SILVER_UPGRADE_TO_ARC_FACTORY	Mejorar a ARC Factory		
