TUTORIAL_BRONZE_ALIEN_1	Bienvenido al equipo Alien.		
TUTORIAL_BRONZE_ALIEN_2	Esta es la Hive: ¡defiéndela a toda costa! Si todas las Hives son destruidas, pierdes. Cada ronda empieza con una sola Hive, pero el Commander puede colocar más a medida que avanza la ronda.		
TUTORIAL_BRONZE_ALIEN_3	Los jugadores muertos renacen dentro de huevos, que la Hive suelta cada cierto tiempo.		
TUTORIAL_BRONZE_ALIEN_4	Acabas de aparecer como Skulk, la forma de vida inicial de los Aliens. El Skulk tiene una mordida feroz y la capacidad de caminar sin esfuerzo por paredes y techos. Pruébalo ahora.		
TUTORIAL_BRONZE_ALIEN_5	Bien. También puedes soltarte en cualquier momento alejándote de la superficie o presionando la tecla de soltarse. Prueba soltarte de una pared ahora.		
TUTORIAL_BRONZE_ALIEN_6	Como Skulk también puedes silenciar tus pasos.		
TUTORIAL_BRONZE_ALIEN_7	El Commander necesita más recursos, pero hay un Marine que le impide expandir su territorio. ¡Mátalo!		
TUTORIAL_BRONZE_ALIEN_8	Ese Marine está al final de un pasillo largo y te está mirando directamente. Nunca vas a poder recorrer esa distancia antes de que te mate.		
TUTORIAL_BRONZE_ALIEN_9	Pero hay algo que sí podemos hacer: marcarlo.		
TUTORIAL_BRONZE_ALIEN_10	El parásito es un arma a distancia que hace muy poco daño, pero permite a todo el equipo ver exactamente dónde está el Marine, lo cual es información valiosa.		
TUTORIAL_BRONZE_ALIEN_11	Cambia a tu parásito ahora.		
TUTORIAL_BRONZE_ALIEN_12	Asómate por la esquina y parasita a ese Marine. ¡Hazlo rápido y mantén la distancia!		
TUTORIAL_BRONZE_ALIEN_13	Buen trabajo, el Marine está parasitado.		
TUTORIAL_BRONZE_ALIEN_14	Vuelve a la Hive para curarte.		
TUTORIAL_BRONZE_ALIEN_15	Ups, moriste igual. No pasa nada.		
TUTORIAL_BRONZE_ALIEN_16	Ahora hay que encargarse de ese Marine. Él controla el pasillo, así que tendremos que rodearlo. Abre tu mapa.		
TUTORIAL_BRONZE_ALIEN_17	Algunas partes del mapa son naranjas en lugar de grises. Esas zonas son conductos de ventilación. Fíjate que hay un conducto que conecta Pipeline con The Neck y evita ese pasillo largo. Encuentra el conducto y atraviésalo con sigilo.		
TUTORIAL_BRONZE_ALIEN_18	El Marine te oyó. Asegúrate de moverte con sigilo, incluso dentro del conducto. El sonido llega muy lejos. Un buen Marine puede oírte a 1 o 2 cuartos de distancia.		
TUTORIAL_BRONZE_ALIEN_19	¡Buen trabajo! Para que no tengas que volver a la Hive a curarte, el Commander la mejoró a Crag Hive. Ahora tienes acceso a 3 nuevas mejoras Alien. Abre tu menú de evolución.		
TUTORIAL_BRONZE_ALIEN_20	Cerca de la parte inferior puedes ver las tres mejoras que desbloqueó la Crag Hive: vampirismo, caparazón y regeneración. Evoluciona regeneración ahora.		
TUTORIAL_BRONZE_ALIEN_21	¡Genial! El Skulk puede evolucionar mejoras gratis, pero a las demás formas de vida les costará recursos personales.		
TUTORIAL_BRONZE_ALIEN_22	El Commander va a intentar capturar el nodo de recursos de C-12. Mira tu mapa para ver dónde queda y ve allí ahora.		
TUTORIAL_BRONZE_ALIEN_23	El cuarto parece despejado, así que es seguro colocar el Harvester.		
TUTORIAL_BRONZE_ALIEN_24	El Harvester es muy vulnerable en este momento y no generará recursos hasta estar terminado. Por sí solo se construye muy lento, así que el Commander está incubando un Drifter para ayudarlo.		
TUTORIAL_BRONZE_ALIEN_25	Los Drifters son sirvientes del Commander. Construyen estructuras, usan habilidades y cuestan una buena cantidad de recursos.		
TUTORIAL_BRONZE_ALIEN_26	¡Hay un Marine cerca! Prepara una emboscada por si decide atacar. Prueba esperar en la pared sobre la entrada.		
TUTORIAL_BRONZE_ALIEN_27	¡Buen trabajo defendiendo el Harvester! El Commander trajo un Crag al cuarto para curar el Harvester. Los Crags curan a todas las estructuras y formas de vida Alien en un radio amplio. Quédate cerca del Crag para curarte ahora.		
TUTORIAL_BRONZE_ALIEN_28	No te curará tan rápido como una Hive o un Gorge, pero igual es muy útil tenerlo cerca.		
TUTORIAL_BRONZE_ALIEN_29	El Harvester terminó de construirse. ¡Ahora los recursos entran mucho más rápido!		
TUTORIAL_BRONZE_ALIEN_30	Parece que hay Marines cerca construyendo algo. Usa el conducto de ventilación de este cuarto para evaluar la situación.		
TUTORIAL_BRONZE_ALIEN_31	¡Los Marines acaban de construir un portal de fase! Eso les permitirá reforzar esta posición al instante. Deberíamos destruirlo cuanto antes, pero ahora hay demasiados Marines aquí. Tendremos que alejarlos.		
TUTORIAL_BRONZE_ALIEN_32	Si atacamos otra cosa, algunos tendrán que volver a defender, y eso debilitará su posición avanzada.		
TUTORIAL_BRONZE_ALIEN_33	¡Destruye ese Extractor!		
TUTORIAL_BRONZE_ALIEN_34	¡Buen trabajo! No importa que hayas muerto, porque los alejaste del portal de fase y lo dejaste vulnerable.		
TUTORIAL_BRONZE_ALIEN_35	Tienes suficientes recursos personales para evolucionar a una forma de vida superior.		
TUTORIAL_BRONZE_ALIEN_36	Selecciona el Onos. Es la forma de vida más cara, pero también la más devastadora.		
TUTORIAL_BRONZE_ALIEN_37	Pide una neblina de nutrientes para evolucionar más rápido.		
TUTORIAL_BRONZE_ALIEN_38	Estos Gorges te seguirán a la batalla y te curarán cuando recibas daño. ¡Vamos a destruir ese portal de fase!		
TUTORIAL_BRONZE_ALIEN_39	¡Carga contra ese Marine!		
TUTORIAL_BRONZE_ALIEN_40	¡Destrúyelo todo!		
TUTORIAL_BRONZE_ALIEN_41	¡Así aprenderán esos asquerosos respiradores de oxígeno! Con su posición avanzada eliminada, es hora de atacar su base principal.		
TUTORIAL_BRONZE_ALIEN_42	Los Gorges están construyendo un túnel. Los túneles permiten viajar rápido entre dos puntos distantes del mapa.		
TUTORIAL_BRONZE_ALIEN_43	¡El túnel está abierto! Párate sobre él para entrar.		
TUTORIAL_BRONZE_ALIEN_44	Ahí está la base de los Marines. ¡Destrúyela!		
TUTORIAL_BRONZE_ALIEN_45	¡Destruye los Infantry Portals para que no puedan renacer!		
TUTORIAL_BRONZE_ALIEN_46	¡Ahora acaba con la Command Station para terminar la partida!		
TUTORIAL_BRONZE_ALIEN_47	¡Excelente trabajo! Esa era la única Command Station que tenían los Marines. Por lo tanto...		
TUTORIAL_BRONZE_ALIEN_48	¡Atención! Algunos Marines están dejando el portal de fase para venir a defender esta posición.		
TUTORIAL_BRONZE_ALIEN_49	Prueba usar el pisotón contra grupos de Marines.		
TUTORIAL_BRONZE_ALIEN_50	Destruye el Nodo de energía de este cuarto. La oscuridad hará más fácil defenderlo.		
TUTORIAL_BRONZE_ALIEN_EGG_1	No te preocupes por matar al Marine todavía; solo parasítalo y sigue adelante.		
TUTORIAL_BRONZE_ALIEN_EGG_2	Puedes parasitar al Marine desde lejos: no hace falta acercarse.		
TUTORIAL_BRONZE_ALIEN_EGG_3	El parásito es un arma a distancia. Deja de correr hacia el Marine.		
TUTORIAL_BRONZE_ALIEN_EGG_4	¡Basta! Eso no ayuda.		
TUTORIAL_BRONZE_ALIEN_EGG_5	Nunca va a fallar. Prueba otra estrategia.		
TUTORIAL_BRONZE_ALIEN_EGG_6	No sé cómo decirlo más claro: DEJA DE CORRER HACIA EL MARINE.		
TUTORIAL_BRONZE_ALIEN_EGG_7	¿Estoy... estoy silenciado o algo así?		
TUTORIAL_BRONZE_ALIEN_EGG_8	¿Por qué sigues haciendo esto?		
TUTORIAL_BRONZE_ALIEN_EGG_9	Me cuesta entender dónde está la diversión en esto.		
TUTORIAL_BRONZE_ALIEN_EGG_10	No solo pierdes tu tiempo: pierdes MI tiempo.		
TUTORIAL_BRONZE_ALIEN_EGG_11	Ah, espera, ¡no estás perdiendo mi tiempo! Estos son mensajes pregrabados.		
TUTORIAL_BRONZE_ALIEN_EGG_12	En serio, no sé qué crees que estás logrando.		
TUTORIAL_BRONZE_ALIEN_EGG_13	Puedo esperar tanto como tú; soy un hombre muy paciente.		
TUTORIAL_BRONZE_ALIEN_EGG_14	*Ruido de páginas, sorbos de café*		
TUTORIAL_BRONZE_ALIEN_EGG_15	Eh, por cierto, a ese Marine nunca jamás se le van a acabar las balas.		
TUTORIAL_BRONZE_ALIEN_EGG_16	Prueba saltar por la pared para ganar velocidad.		
TUTORIAL_BRONZE_ALIEN_EGG_17	Ah, no quise decir que eso ayudaría. Pero aceleró las cosas, ¿no?		
TUTORIAL_BRONZE_ALIEN_EGG_18	¡Uy, creo que esta vez casi lo logras!		
TUTORIAL_BRONZE_ALIEN_EGG_19	¿Te están obligando a hacer esto contra tu voluntad?		
TUTORIAL_BRONZE_ALIEN_EGG_20	Si es así, sigue haciendo lo que haces y yo llamo a la policía.		
TUTORIAL_BRONZE_ALIEN_EGG_21	Sí, hola. Estoy grabando... sí, estoy grabando voces para un videojuego, y sospecho que uno de los jugadores que va a jugar esto está secuestrado.		
TUTORIAL_BRONZE_ALIEN_EGG_22	Eh, supongo que quiero decir \"estará secuestrado\", en futuro, porque... ¿qué? Ah, no, ahora mismo todo está bien.		
TUTORIAL_BRONZE_ALIEN_EGG_23	No, lo que digo es que hay un jugador que hipotéticamente jugará esto en el futuro y se niega a completar el tutorial, y sospecho que lo retienen contra su voluntad.		
TUTORIAL_BRONZE_ALIEN_EGG_24	No, no tengo una dirección. No sé con certeza que esté pasando algo. Yo... ¿hola? ¿Hola?		
TUTORIAL_BRONZE_ALIEN_EGG_25	Hola, creo que se cortó antes. Soy el que llamó por la situación de rehenes que puede o no ocurrir en algún momento del futuro, en un lugar no especifi... ¿Hola?		
TUTORIAL_BRONZE_ALIEN_EGG_26	Las malditas líneas deben estar caídas. Vaya... sigues en lo mismo, ¿no?		
TUTORIAL_BRONZE_ALIEN_EGG_27	Eres persistente, ¡eso te lo reconozco!		
TUTORIAL_BRONZE_ALIEN_EGG_28	Está bien, por todas tus molestias, con gusto te otorgo este... logro... especial. Solo... vete...		
TUTORIAL_BRONZE_MARINE_1	¡Bienvenido al equipo Marine, soldado! Como Marine, tu principal preocupación es proteger esta estructura: la Command Station.		
TUTORIAL_BRONZE_MARINE_2	El Commander Marine se sienta dentro de esta estructura y coordina al equipo con vista de águila.		
TUTORIAL_BRONZE_MARINE_3	Y este es un Infantry Portal. Aquí es donde los Marines se imprimen en 3D para volver a existir. Sin estas estructuras vitales, tu equipo no puede renacer.		
TUTORIAL_BRONZE_MARINE_4	Los Marines aparecen con un Rifle, una pistola y un hacha. Prueba cambiar entre ellos ahora.		
TUTORIAL_BRONZE_MARINE_5	El Commander colocó el plano de un Armory. El Commander puede colocar estructuras, pero necesita tropas de campo como tú para construirlas. Acércate al plano y construye el Armory con tu tecla de 'usar'.		
TUTORIAL_BRONZE_MARINE_6	Bien. Ahora tienes un lugar para curarte y para comprar las armas nuevas que el Commander desbloquee. Una de las estructuras de la base necesita reparación. Compra un soldador en el Armory.		
TUTORIAL_BRONZE_MARINE_7	Ahora puedes reparar el Observatory.		
TUTORIAL_BRONZE_MARINE_8	El Observatory es una estructura valiosa que te permite detectar enemigos a través de las paredes en un radio amplio.		
TUTORIAL_BRONZE_MARINE_9	Buen trabajo. Al Commander le gustaría desbloquear más armas para el equipo, pero necesita más recursos. Para conseguir recursos más rápido necesitamos más Extractors, pero solo se pueden construir sobre nodos de recursos, y este cuarto tiene uno solo.		
TUTORIAL_BRONZE_MARINE_10	Construiremos nuestro segundo Extractor en Cafeteria. Abre tu mapa para encontrar Cafeteria.		
TUTORIAL_BRONZE_MARINE_11	El mapa es una herramienta invaluable tanto para Marines como para Aliens. Consúltalo seguido. Ahora ve a Cafeteria.		
TUTORIAL_BRONZE_MARINE_12	¡Te acaban de parasitar! Fíjate en el ícono amarillo de la esquina y en los bichos que caminan sobre tu arma. Ahora todos los Aliens de la partida pueden ver exactamente dónde estás, ¡incluso a través de las paredes! Por desgracia, no hay forma de quitarse un parásito salvo esperar a que pase.		
TUTORIAL_BRONZE_MARINE_13	El Commander escaneó la zona. Ahí está el Alien que te parasitó. ¡Mátalo!		
TUTORIAL_BRONZE_MARINE_14	Buen trabajo, pero te hirieron. Pide un Med pack al Commander para curarte.		
TUTORIAL_BRONZE_MARINE_15	Listo. Te curaste, y al Commander le costó un recurso. También puedes pedir un paquete de munición para reabastecerte. Hazlo ahora.		
TUTORIAL_BRONZE_MARINE_16	Bien. El Commander gastó otro recurso para darte esa munición. Ahora ve a asegurar el nodo de recursos de Cafeteria para que pueda seguir apoyándote.		
TUTORIAL_BRONZE_MARINE_17	¡Aquí hay un túnel, y está abierto! Los Aliens usan esta estructura para traer refuerzos. ¡Destrúyelo rápido!		
TUTORIAL_BRONZE_MARINE_18	¡Ataca primero el túnel! Podemos destruir el Harvester una vez que aseguremos el cuarto.		
TUTORIAL_BRONZE_MARINE_19	Buen trabajo. Los Aliens ya no tienen una ruta rápida hasta aquí. Ahora acaba con el Harvester.		
TUTORIAL_BRONZE_MARINE_20	Fíjate que la infestación verde del suelo está retrocediendo. La infestación se extiende con Cysts y túneles de Gorge. Sin infestación cubriendo el suelo, este Harvester morirá lentamente por sí solo, pero podemos ayudarlo.		
TUTORIAL_BRONZE_MARINE_21	Ahora podemos quedarnos con estos recursos. El primer paso es construir el Nodo de energía de este cuarto, que está en la pared norte.		
TUTORIAL_BRONZE_MARINE_22	Ahora podemos construir ese Extractor.		
TUTORIAL_BRONZE_MARINE_23	Ahora los recursos entran el doble de rápido que antes.		
TUTORIAL_BRONZE_MARINE_24	¡La base está bajo ataque! ¡Prepárate para que el Beacon te lleve de vuelta!		
TUTORIAL_BRONZE_MARINE_25	¡Menos mal que reparamos ese Observatory! No solo revela enemigos cercanos: también puede traer a todos los soldados de vuelta a la base, como acabas de ver. Recarga tu salud y munición en el Armory.		
TUTORIAL_BRONZE_MARINE_26	Se acaban de investigar las escopetas. Compra una en el Armory ahora.		
TUTORIAL_BRONZE_MARINE_27	Por desgracia, aun con los recursos extra, todavía no te alcanza para una escopeta. Por suerte, hoy el Commander se siente muy generoso.		
TUTORIAL_BRONZE_MARINE_28	Dejaron una escopeta cerca del Armory. Recógela.		
TUTORIAL_BRONZE_MARINE_29	Ahora sí tenemos potencia de fuego seria a corta distancia. Y justo a tiempo: el Observatory detectó un enemigo; mira tu mapa. ¡Ve a probar tu escopeta nueva!		
TUTORIAL_BRONZE_MARINE_30	¡Los Aliens tienen un Onos! Por suerte, ahora tenemos más potencia de fuego y podemos usarla para asaltar la Hive.		
TUTORIAL_BRONZE_MARINE_31	Busca el Prototype Lab en la base, la estructura alta y delgada, y compra un Exotraje.		
TUTORIAL_BRONZE_MARINE_32	¡Bien! Pero dos Miniguns son mejores que una, ¿no crees? ¡Ve otra vez al Prototype Lab y cambia la garra de metal por otra arma!		
TUTORIAL_BRONZE_MARINE_33	¡Genial, vamos a destrozar Aliens! Avanza hacia el cuarto llamado 'Departures' en tu mapa. Tus compañeros te acompañarán a pie.		
TUTORIAL_BRONZE_MARINE_34	Quédate quieto y deja que tus compañeros te reparen.		
TUTORIAL_BRONZE_MARINE_35	¡Como nuevo! Ahora ve a asaltar la Hive cercana con tus compañeros.		
TUTORIAL_BRONZE_MARINE_36	¡Ahí está la Hive! ¡Destrúyela!		
TUTORIAL_BRONZE_MARINE_37	Acabas de destruir la última Hive, y sin Hives los Aliens no pueden renacer. Por lo tanto...		
TUTORIAL_BRONZE_MARINE_EGG_1	Lo siento, no te vas a escapar tan fácil.		
TUTORIAL_BRONZE_MARINE_EGG_2	Basta.		
TUTORIAL_BRONZE_MARINE_EGG_3	Ya basta.		
TUTORIAL_BRONZE_MARINE_EGG_4	¿De verdad estás tan desesperado por no hacer el tutorial?		
TUTORIAL_BRONZE_MARINE_EGG_5	¡Con todo el tiempo que perdiste, ya podrías haberlo terminado!		
TUTORIAL_BRONZE_MARINE_EGG_6	Si sigues intentando matarte, no te dejaremos jugar NS3.		
TUTORIAL_BRONZE_MARINE_EGG_7	Te lo advierto.		
TUTORIAL_BRONZE_MARINE_EGG_8	Bueno, se acabó. Anotamos tu ID de Steam y no te dejaremos jugar NS3... NUNCA.		
TUTORIAL_BRONZE_MARINE_EGG_9	Y es una lástima. Hablando hipotéticamente, si HUBIERA un NS3 y ya ESTUVIÉRAMOS muy avanzados en su desarrollo... se VERÍA bastante increíble.		
TUTORIAL_BRONZE_MARINE_EGG_10	Todas las nuevas formas de vida Alien son increíbles, y todas las nuevas armas de los Marines son asombrosas.		
TUTORIAL_BRONZE_MARINE_EGG_11	Hasta agregamos un tercer equipo jugable... hablando hipotéticamente, claro.		
TUTORIAL_BRONZE_MARINE_EGG_12	Lástima que nunca vayas a verlo.		
TUTORIAL_BRONZE_MARINE_EGG_13	Sí, una lástima...		
TUTORIAL_BRONZE_MARINE_EGG_14	¿Por qué sigues haciendo esto?		
TUTORIAL_BRONZE_MARINE_EGG_15	¿Por qué?		
TUTORIAL_BRONZE_MARINE_EGG_16	En serio, la gracia de esto se está acabando muy rápido.		
TUTORIAL_BRONZE_MARINE_EGG_17	¿De verdad estás tan aburrido?		
TUTORIAL_BRONZE_MARINE_EGG_18	¿Qué es lo que quieres, exactamente?		
TUTORIAL_BRONZE_MARINE_EGG_19	Si te doy un logro, ¿te vas?		
TUTORIAL_BRONZE_MARINE_EGG_20	Listo. Ahí tienes tu maldito logro. ¡Déjame en paz!		
TUTORIAL_BRONZE_MARINE_EGG_21	En serio, esto es todo lo que hay... ya puedes parar.		
TUTORIAL_BRONZE_MARINE_EGG_22	Bueno, eh... no te entretengo más... eh... adiós... supongo...		
