THUNDERDOME_REWARD_BADGE_T1_TITLE	INSIGNIA DE RANGO 1		
THUNDERDOME_REWARD_PISTOL_WOOD_TITLE	PISTOLA DE MADERA		
THUNDERDOME_REWARD_AXE_WOOD_TITLE	HACHA DE MADERA		
THUNDERDOME_REWARD_PISTOL_DAMASCUS_GREEN_TITLE	PISTOLA DE DAMASCO VERDE		
THUNDERDOME_REWARD_BADGE_T2_TITLE	INSIGNIA DE RANGO 2		
THUNDERDOME_REWARD_AXE_DAMASCUS_GREEN_TITLE	HACHA DE DAMASCO VERDE		
THUNDERDOME_REWARD_PATCH_MADAXEGORGE_TITLE	PARCHE MAD AXE GORGE		
THUNDERDOME_REWARD_FT_CHROMA_TITLE	LANZALLAMAS CHROMA		
THUNDERDOME_REWARD_RIFLE_TRON_TITLE	RIFLE TRON		
THUNDERDOME_REWARD_SKULK_AURIC_TITLE	SKULK AURIC		
THUNDERDOME_REWARD_BADGE_T3_TITLE	INSIGNIA DE RANGO 3		
THUNDERDOME_REWARD_AXE_CHROMA_TITLE	HACHA CHROMA		
THUNDERDOME_REWARD_BABBLER_AURIC_TITLE	BABBLER AURIC		
THUNDERDOME_REWARD_RIFLE_DAMASCUS_GREEN_TITLE	RIFLE DE DAMASCO VERDE		
THUNDERDOME_REWARD_HARVESTER_AURIC_TITLE	HARVESTER AURIC		
THUNDERDOME_REWARD_WELDER_CHROMA_TITLE	SOLDADOR CHROMA		
THUNDERDOME_REWARD_BILEMINE_AURIC_TITLE	MINA DE BILIS AURIC		
THUNDERDOME_REWARD_BADGE_T4_TITLE	INSIGNIA DE RANGO 4		
THUNDERDOME_REWARD_SKULK_WIDOW_TITLE	SKULK WIDOW		
THUNDERDOME_REWARD_BADGE_T5_TITLE	INSIGNIA DE RANGO 5		
THUNDERDOME_REWARD_EXOSUIT_CHROMA_TITLE	EXOTRAJE CHROMA		
THUNDERDOME_REWARD_BMAC_CHROMA_TITLE	B.M.A.C. CHROMA		
THUNDERDOME_REWARD_BADGE_T6_TITLE	INSIGNIA DE RANGO 6		
THUNDERDOME_REWARD_BMACMIL_CHROMA_TITLE	B.M.A.C. MILITAR CHROMA		
THUNDERDOME_REWARD_ONOS_AURIC_TITLE	ONOS AURIC		
THUNDERDOME_REWARD_BADGE_T7_TITLE	INSIGNIA DE RANGO 7		
THUNDERDOME_REWARD_MARINE_ELITEASSAULT_TITLE	MARINE DE ASALTO DE ÉLITE CHROMA		
THUNDERDOME_REWARD_BADGE_T8_TITLE	INSIGNIA DE RANGO 8		
THUNDERDOME_REWARD_EXTRACTOR_CHROMA_TITLE	EXTRACTOR CHROMA		
THUNDERDOME_REWARD_ARC_CHROMA_TITLE	ARC CHROMA		
THUNDERDOME_REWARD_CYST_AURIC_TITLE	CYST AURIC		
THUNDERDOME_REWARD_DRIFTER_AURIC_TITLE	DRIFTER AURIC		
THUNDERDOME_REWARD_MAC_CHROMA_TITLE	MAC CHROMA		
THUNDERDOME_REWARD_GRENADELAUNCHER_CHROMA_TITLE	LANZAGRANADAS CHROMA		
THUNDERDOME_REWARD_RIFLE_DAMASCUS_PURPLE_TITLE	RIFLE DE DAMASCO PÚRPURA		
THUNDERDOME_REWARD_AXE_DAMASCUS_PURPLE_TITLE	HACHA DE DAMASCO PÚRPURA		
THUNDERDOME_REWARD_AXE_DAMASCUS_BLACK_TITLE	HACHA DE DAMASCO NEGRO		
THUNDERDOME_REWARD_PISTOL_DAMASCUS_PURPLE_TITLE	PISTOLA DE DAMASCO PÚRPURA		
THUNDERDOME_REWARD_HMG_CHROMA_TITLE	HMG CHROMA		
THUNDERDOME_REWARD_CLOG_AURIC_TITLE	CLOG AURIC		
THUNDERDOME_REWARD_PISTOL_DAMASCUS_BLACK_TITLE	PISTOLA DE DAMASCO NEGRO		
THUNDERDOME_REWARD_SHOTGUN_CHROMA_TITLE	ESCOPETA CHROMA		
THUNDERDOME_REWARD_GORGE_AURIC_TITLE	GORGE AURIC		
THUNDERDOME_REWARD_HYDRA_AURIC_TITLE	HIDRA AURIC		
THUNDERDOME_REWARD_RIFLE_DAMASCUS_BLACK_TITLE	RIFLE DE DAMASCO NEGRO		
THUNDERDOME_REWARD_LERK_AURIC_TITLE	LERK AURIC		
THUNDERDOME_REWARD_FADE_AURIC_TITLE	FADE AURIC		
THUNDERDOME_REWARD_EGG_AURIC_TITLE	HUEVO AURIC		
THUNDERDOME_REWARD_TUNNEL_AURIC_TITLE	TÚNEL AURIC		
THUNDERDOME_REWARD_HIVE_AURIC_TITLE	HIVE AURIC		
THUNDERDOME_REWARD_COMMANDSTATION_CHROMA_TITLE	COMMAND STATION CHROMA		
THUNDERDOME_REWARD_RIFLE_WOOD_DESC	Se verá igual de bien segando Kharaa que colgado sobre tu chimenea.		Same text as the batch 6 item; all the reward descriptions below reuse the batch 6 wording where the English matches.
THUNDERDOME_REWARD_BADGE_T1_DESC	¡Bienvenido a la jungla!		
THUNDERDOME_REWARD_PISTOL_WOOD_DESC	Tan elegante como letal.		
THUNDERDOME_REWARD_AXE_WOOD_DESC	¡A trabajar, leñador!		
THUNDERDOME_REWARD_PISTOL_DAMASCUS_GREEN_DESC	Acero de Damasco con anodizado especial y un toque de menta.		
THUNDERDOME_REWARD_BADGE_T2_DESC	¡Felicitaciones, ya no estás al fondo de la cadena alimenticia!		
THUNDERDOME_REWARD_AXE_DAMASCUS_GREEN_DESC	Acero de Damasco con anodizado especial y un toque de menta. La versión que corta.		
THUNDERDOME_REWARD_PATCH_MADAXEGORGE_DESC	Tarjeta de presentación y parche de hombro. Infunde miedo en tus enemigos con esta efigie aterradora.		
THUNDERDOME_REWARD_FT_CHROMA_DESC	Esto tiene un solo ajuste: Extra Crujiente		
THUNDERDOME_REWARD_RIFLE_TRON_DESC	RIFLE TRON		
THUNDERDOME_REWARD_SKULK_AURIC_DESC	En lo profundo de la instalación Tanith se ha colado una nueva cepa de Kharaa particularmente letal..		
THUNDERDOME_REWARD_BADGE_T3_DESC	¿Así que mojándote los pies?		
THUNDERDOME_REWARD_AXE_CHROMA_DESC	Esta hacha ha visto días mejores.		
THUNDERDOME_REWARD_BABBLER_AURIC_DESC	Ponle algo de brillo a tu Gorge.		
THUNDERDOME_REWARD_RIFLE_DAMASCUS_GREEN_DESC	Acero de Damasco con anodizado especial y un toque de menta. La versión que dispara.		
THUNDERDOME_REWARD_HARVESTER_AURIC_DESC	Salpicado de una belleza tan brillante que pensarías que extrae oro... Un momento, no es eso, ¿verdad?		
THUNDERDOME_REWARD_WELDER_CHROMA_DESC	Viejo y confiable, este querido soldador mantendrá bien reparados tus estructuras y compañeros.		
THUNDERDOME_REWARD_BILEMINE_AURIC_DESC	Este pequeño tesoro reluciente tiene una sorpresa desagradable para quien quiera abrirlo y ver qué hay dentro.		
THUNDERDOME_REWARD_BADGE_T4_DESC	¡Vas subiendo en el mundo!		
THUNDERDOME_REWARD_SKULK_WIDOW_DESC	Esta aberración única de la genética Kharaa es particularmente desagradable y paciente.		
THUNDERDOME_REWARD_BADGE_T5_DESC	Oye, ya casi puedes empezar a mandonear a la gente.		
THUNDERDOME_REWARD_EXOSUIT_CHROMA_DESC	Recubierto de aleación de fibra de carbono, esto hará que los Kharaa salgan corriendo.		
THUNDERDOME_REWARD_BMAC_CHROMA_DESC	No se sabe por qué alguien tunearía un B.M.A.C. con fibra de carbono, pero sí se sabe que es bastante eficiente exterminando Kharaa.		
THUNDERDOME_REWARD_BADGE_T6_DESC	¡Todo un conocedor de las partidas competitivas!		
THUNDERDOME_REWARD_BMACMIL_CHROMA_DESC	Cuando todo lo demás falle, manda a esta unidad de élite de B.M.A.C. y hará el trabajo.		
THUNDERDOME_REWARD_ONOS_AURIC_DESC	Hueso dorado y espinas relucientes, ¡desgarra carne y acero por igual!		
THUNDERDOME_REWARD_BADGE_T7_DESC	Un verdadero campeón.		
THUNDERDOME_REWARD_MARINE_ELITEASSAULT_DESC	Lo más élite de la élite. Si ves a uno de estos Marines caminar hacia ti, mejor corre para el otro lado.		
THUNDERDOME_REWARD_BADGE_T8_DESC	Adelante, nómbrate Rey de los Babblers, ¡porque te lo ganaste!		
THUNDERDOME_REWARD_EXTRACTOR_CHROMA_DESC	Por más raspado que esté, ¡sigue sacando recursos del suelo como nadie! 		
THUNDERDOME_REWARD_ARC_CHROMA_DESC	Esa Hive no tiene ninguna oportunidad contra esta belleza.		
THUNDERDOME_REWARD_CYST_AURIC_DESC	¡Solo sigue el camino de ladrillos amarillos! ...Un momento.		
THUNDERDOME_REWARD_DRIFTER_AURIC_DESC	Construye tus estructuras y apoya a tu equipo con el máximo estilo.		
THUNDERDOME_REWARD_MAC_CHROMA_DESC	Sí, este MAC ha visto un par de cosas. Yo que tú me cuidaría la espalda.		
THUNDERDOME_REWARD_GRENADELAUNCHER_CHROMA_DESC	Elegante y brillante: hace explotar cosas y se ve genial haciéndolo.		
THUNDERDOME_REWARD_RIFLE_DAMASCUS_PURPLE_DESC	Acero de Damasco con anodizado especial y un destello violento. Digo, violeta... un destello violeta.		
THUNDERDOME_REWARD_AXE_DAMASCUS_PURPLE_DESC	¡No puedes salir del cuartel sin un hacha que combine!		
THUNDERDOME_REWARD_AXE_DAMASCUS_BLACK_DESC	La rarísima edición oscura de la línea de acero de Damasco; funciona exactamente igual que un hacha normal.		
THUNDERDOME_REWARD_PISTOL_DAMASCUS_PURPLE_DESC	Completa el juego con esta pieza de un malva asesino.		
THUNDERDOME_REWARD_HMG_CHROMA_DESC	Dispara balas cargadas no con pólvora, sino con puro rencor.		
THUNDERDOME_REWARD_CLOG_AURIC_DESC	Oscuro y espectacularmente espinoso, ¡este brillante disuadirá a los Marines de entrar a una zona!		
THUNDERDOME_REWARD_PISTOL_DAMASCUS_BLACK_DESC	Los coleccionistas envidiarán a quien lleve esta edición ébano de la línea de acero de Damasco.		
THUNDERDOME_REWARD_SHOTGUN_CHROMA_DESC	Despedaza Kharaa con la misma facilidad con la que despedazó a los últimos cientos.		
THUNDERDOME_REWARD_GORGE_AURIC_DESC	La máxima realeza Gorge. ¡Abran paso, plebeyos!		
THUNDERDOME_REWARD_HYDRA_AURIC_DESC	Una centinela reluciente que detectará a cualquiera que entre en su territorio.		
THUNDERDOME_REWARD_RIFLE_DAMASCUS_BLACK_DESC	El más preciado de la línea de Damasco: este rifle color ónix le dará envidia a cualquiera.		
THUNDERDOME_REWARD_LERK_AURIC_DESC	Tan letal como elegante.		
THUNDERDOME_REWARD_FADE_AURIC_DESC	Este terror estigio hará que los Marines miren hacia atrás a cada paso.		
THUNDERDOME_REWARD_EGG_AURIC_DESC	Quizá te arrepientas de romperlo para ver qué hay dentro. Pista: no es oro..		
THUNDERDOME_REWARD_TUNNEL_AURIC_DESC	Guía a tu equipo con estilo por este túnel ferozmente fabuloso.		
THUNDERDOME_REWARD_HIVE_AURIC_DESC	El símbolo de estatus definitivo: esta exótica Hive infundirá miedo en tus enemigos e inspirará a tu equipo.		
THUNDERDOME_REWARD_COMMANDSTATION_CHROMA_DESC	Pobre del Marine que se atreva a desobedecer a un Commander sentado en la Command Station de la unidad de élite Chroma.		
THUNDERDOME_REWARD_CC_SKULK_HUG_DESC	Tarjeta de presentación. ¡Desbloquearla también desbloquea la función de tarjetas de presentación!		
THUNDERDOME_REWARD_CC_DONT_BLINK_DESC	Tarjeta de presentación. Si lo oyes, ¡ya es tarde!		
THUNDERDOME_REWARD_CC_BABY_MARINE_DESC	Tarjeta de presentación. ¡Recién salido de la impresora de infantería! ... eh, Portal. Infantry Portal.		
THUNDERDOME_REWARD_CC_LOCKED_AND_LOADED_DESC	Tarjeta de presentación. Recién aparecido y listo para patear traseros alien.		
THUNDERDOME_REWARD_CC_NED_RAGE_DESC	Tarjeta de presentación. Para cuando hay demasiadas palabras y a la vez no alcanzan.		
THUNDERDOME_REWARD_CC_URPA_BOOTY_DESC	Tarjeta de presentación. ¿Alguna vez sentiste que te observan? O... ¿que observan partes de ti?		
THUNDERDOME_REWARD_CC_SAD_BABBLER_DESC	Tarjeta de presentación. Este Babbler solo quería un abrazo y todos salen corriendo.		
THUNDERDOME_REWARD_CC_WELD_DONE_DESC	Tarjeta de presentación. A veces simplemente hay que sacarlo.		
THUNDERDOME_REWARD_CC_BALANCE_GORGE_DESC	Tarjeta de presentación. Perfectamente calculado.		
THUNDERDOME_REWARD_CC_LORK_DESC	Tarjeta de presentación. ¡Aww! ¡Le caes bien! ...Espera, ¡deja de correr!		
THUNDERDOME_REWARD_CC_LAZY_GORGE_DESC	Tarjeta de presentación. Así me siento.		
THUNDERDOME_REWARD_CC_URPA_DESC	Tarjeta de presentación. Parte hombre. Parte leyenda. Todo peligro. Él es Urpa.		
THUNDERDOME_REWARD_CC_SLIPPER_SKULK_DESC	Tarjeta de presentación. Para cuando tus garritas se enfrían en esos helados pasillos de mantenimiento de la instalación.		
THUNDERDOME_REWARD_CC_SHADOW_FADE_DESC	Tarjeta de presentación. Luce tu estilo frente a la presa que son.		
THUNDERDOME_REWARD_CC_BURNOUT_FADE_DESC	Tarjeta de presentación. A veces tu mochila simplemente no es lo bastante grande.		
THUNDERDOME_REWARD_CC_OVER9000_DEGREES_DESC	Tarjeta de presentación. Su cuenta de bajas es de... ¡¿de cuánto?! Tienes que estar bromeando.		
THUNDERDOME_REWARD_CC_LERKED_DESC	Tarjeta de presentación. Pocos son más temidos y odiados que el Lerk Apex.		
THUNDERDOME_REWARD_CC_TABLE_FLIP_GORGE_DESC	Tarjeta de presentación. Para cuando el diálogo pacífico ya no está sobre la mesa.		
THUNDERDOME_REWARD_CC_ANGRY_ONOS_DESC	Tarjeta de presentación. Ponlos en su lugar, al fondo de la cadena alimenticia.		
THUNDERDOME_REWARD_CC_OHNOES_DESC	Tarjeta de presentación. Oh... no, viniste al barrio equivocado, amigo.		
THUNDERDOME_REWARD_CC_FOR_SCIENCE_DESC	Tarjeta de presentación. Algunos dicen que el Gorge con Jetpack sigue ahí afuera hasta el día de hoy, mirándote desde las estrellas.		
THUNDERDOME_REWARD_CC_TURBO_DRIFTER_DESC	Tarjeta de presentación. Nadie atrapó jamás al TURBO DRIFTER.		
THUNDERDOME_REWARD_CC_BATTLE_GORGE_DESC	Tarjeta de presentación. Se rieron de mis Clogs. Yo me reí de sus cadáveres.		
THUNDERDOME_SELECT_SEARCH	BUSCAR		
THUNDERDOME_SELECT_GROUP	GRUPO		
THUNDERDOME_SELECT_PRIVATE	PRIVADA		
THUNDERDOME_GROUP_WAITING_FOR_PLAYERS	Esperando jugadores		
THUNDERDOME_GROUP_SEARCHING_FOR_MATCH	Buscando partida		
THUNDERDOME_GROUP_MATCH_FOUND	Partida encontrada		
THUNDERDOME_LOBBY_INVITATION	Invitación a sala		
THUNDERDOME_LOBBY_TIMEOUT	Tiempo de sala agotado		
THUNDERDOME_AFK_KICKED	Expulsado por AFK		
THUNDERDOME_RECONNECT_TO_MATCH	Reconectar a la partida		
THUNDERDOME_MATCHMAKING_AUTOPENALIZED_IN	Penalización automática en %s segundos.		
THUNDERDOME_MATCHMAKING_AUTOLEAVE_IN	Salida automática en %s segundos.		
THUNDERDOME_STEAM_OFFLINE	Steam desconectado		
THUNDERDOME_MODE_TIP_SEARCH	Encuentra la mejor partida disponible para ti. Gana recompensas.		
THUNDERDOME_MODE_TIP_GROUP	Crea un nuevo grupo de amigos y jueguen en el mismo equipo. Gana recompensas.		
THUNDERDOME_MODE_TIP_PRIVATE	Crea una partida privada solo para ti y tus amigos. Sin recompensas.		
THUNDERDOME_GROUP_FIND_MATCH	BUSCAR PARTIDA		
THUNDERDOME_GROUP_CANCEL_SEARCH	CANCELAR BÚSQUEDA		
THUNDERDOME_GROUP_TITLE	COLA DE GRUPO		
THUNDERDOME_LOBBY_INVITE_INVALID	Invitación no válida		
THUNDERDOME_MATCHMAKING_LOBBYINVITE_INVALID	La sala a la que intentas unirte está llena o no admite más jugadores.		
THUNDERDOME_LOBBY_KICKED	Expulsado		
THUNDERDOME_MATCHMAKING_LOBBY_KICKED	Otros jugadores te expulsaron de la sala de Partidas competitivas.		
THUNDERDOME_MODE_TIP_SEARCH_PENALTY	Las Partidas competitivas públicas no están disponibles mientras estés penalizado.		
THUNDERDOME_MODE_TIP_GROUP_PENALTY	La cola de grupo de Partidas competitivas no está disponible mientras estés penalizado.		
THUNDERDOME_MATCHMAKING_PENALTY_EXPIRES	La penalización termina en %s.		
THUNDERDOME_LOBBY_RESULTS	%s esperando | %s jugando		
THUNDERDOME_OPPOSING_TEAM	EQUIPO CONTRARIO		
THUNDERDOME_SHOW_ROSTER	Mostrar equipo contrario		
THUNDERDOME_HIDE_ROSTER	Ocultar equipo contrario		
