Competitive Play	THUNDERDOME_TUTORIAL_MARINE_TITLE	Marine Tutorial		Tutorial de Marine	New			
Competitive Play	THUNDERDOME_TUTORIAL_MARINE_DESC	Complete the Marine Tutorial		Completa el tutorial de Marine	New			
Competitive Play	THUNDERDOME_TUTORIAL_ALIEN_TITLE	Alien Tutorial		Tutorial de Alien	New			
Competitive Play	THUNDERDOME_TUTORIAL_ALIEN_DESC	Complete the Alien Tutorial		Completa el tutorial de Alien	New			
Competitive Play	THUNDERDOME_TUTORIAL_SKULKCHALLENGE_TITLE	Play Skulk Challenge		Jugar el Desafío de Skulk	New			
Competitive Play	THUNDERDOME_TUTORIAL_SKULKCHALLENGE_DESC	Play Skulk Challenge at least once		Juega el Desafío de Skulk al menos una vez	New			
Competitive Play	THUNDERDOME_TUTORIAL_MARINECOM_TITLE	Marine Comm Tutorial		Tutorial de Commander Marine	New			
Competitive Play	THUNDERDOME_TUTORIAL_MARINECOM_DESC	Complete the Marine Commander Tutorial		Completa el tutorial de Commander Marine	New			
Competitive Play	THUNDERDOME_TUTORIAL_ALIENCOM_TITLE	Alien Comm Tutorial		Tutorial de Commander Alien	New			
Competitive Play	THUNDERDOME_TUTORIAL_ALIENCOM_DESC	Complete the Alien Commander Tutorial		Completa el tutorial de Commander Alien	New			
Competitive Play	THUNDERDOME_SEARCHING_FOR_LOBBY	Searching For Lobby		Buscando sala	New			
Competitive Play	THUNDERDOME_FETCHING_HIVE_DATA	Fetching Hive Profile		Obteniendo perfil de Hive	New	CHECK	"Hive" here is the stats service, kept as a name.	
Competitive Play	THUNDERDOME_LOADING_LOCAL_DATA	Initializing Competitive Play data		Inicializando datos de Partidas Competitivas	New	CHECK	Mode name written "Partidas Competitivas" in sentences, as in your batch 6 edit. The glossary and earlier batches say "Partida competitiva": see my question.	
Competitive Play	THUNDERDOME_MAPSELECTIONTITLE	SELECT 3 MAPS IN ORDER OF PREFERENCE		SELECCIONA 3 MAPAS EN ORDEN DE PREFERENCIA	New			
Competitive Play	THUNDERDOME_MAPSELECTIONDESC	SELECT THREE		SELECCIONA TRES	New			
Competitive Play	THUNDERDOME_VOTEBUTTON_VOTED	VOTED		VOTADO	New			
Competitive Play	THUNDERDOME_VOTEBUTTON_FIRSTCHOICE	FIRST CHOICE		PRIMERA OPCIÓN	New			
Competitive Play	THUNDERDOME_VOTEBUTTON_SECONDCHOICE	SECOND CHOICE		SEGUNDA OPCIÓN	New			
Competitive Play	THUNDERDOME_VOTEBUTTON_THIRDCHOICE	THIRD CHOICE		TERCERA OPCIÓN	New			
Competitive Play	THUNDERDOME_MAP_NS2_AYUMI	AYUMI		AYUMI	New			
Competitive Play	THUNDERDOME_MAP_NS2_CAGED	CAGED		CAGED	New			
Competitive Play	THUNDERDOME_MAP_NS2_BIODOME	BIODOME		BIODOME	New			
Competitive Play	THUNDERDOME_MAP_NS2_DERELICT	DERELICT		DERELICT	New			
Competitive Play	THUNDERDOME_MAP_NS2_DESCENT	DESCENT		DESCENT	New			
Competitive Play	THUNDERDOME_MAP_NS2_ECLIPSE	ECLIPSE		ECLIPSE	New			
Competitive Play	THUNDERDOME_MAP_NS2_DOCKING	DOCKING		DOCKING	New			
Competitive Play	THUNDERDOME_MAP_NS2_KODIAK	KODIAK		KODIAK	New			
Competitive Play	THUNDERDOME_MAP_NS2_ORIGIN	ORIGIN		ORIGIN	New			
Competitive Play	THUNDERDOME_MAP_NS2_MINESHAFT	MINESHAFT		MINESHAFT	New			
Competitive Play	THUNDERDOME_MAP_NS2_METRO	METRO		METRO	New			
Competitive Play	THUNDERDOME_MAP_NS2_SUMMIT	SUMMIT		SUMMIT	New			
Competitive Play	THUNDERDOME_MAP_NS2_TANITH	TANITH		TANITH	New			
Competitive Play	THUNDERDOME_MAP_NS2_TRAM	TRAM		TRAM	New			
Competitive Play	THUNDERDOME_MAP_NS2_REFINERY	REFINERY		REFINERY	New			
Competitive Play	THUNDERDOME_MAP_NS2_UNEARTHED	UNEARTHED		UNEARTHED	New			
Competitive Play	THUNDERDOME_MAP_NS2_VEIL	VEIL		VEIL	New			
Competitive Play	THUNDERDOME_MAP_RANDOMIZE	RANDOMIZE		AL AZAR	New			
Competitive Play	THUNDERDOME_VOTEFORMAP	CLICK TO VOTE FOR MAP		CLICK PARA VOTAR POR EL MAPA	New			
Competitive Play	THUNDERDOME_TABBUTTON_QUIT	CANCEL		CANCELAR	New			
Competitive Play	THUNDERDOME_TABBUTTON_LEAVE	LEAVE		SALIR	New			
Competitive Play	THUNDERDOME_TABBUTTON_BACK	BACK		VOLVER	New			
Competitive Play	THUNDERDOME_CHAT_LABEL	CHAT		CHAT	New			
Competitive Play	THUNDERDOME_CHATTEAM_LABEL	TEAM CHAT		CHAT DE EQUIPO	New			
Competitive Play	THUNDERDOME_PLANNING_PICKLIFEFORMS	Pick your preferred lifeform(s):		Elige tu(s) forma(s) de vida preferida(s):	New			
Competitive Play	THUNDERDOME_SEARCHING	Searching		Buscando	New			
Competitive Play	THUNDERDOME_EMPTY_PLAQUE	< EMPTY >		< VACÍO >	New	CHECK	The checker reads "< EMPTY >" as a tag; it is plain display text.	
Competitive Play	THUNDERDOME_VOLUNTEER_TO_COMMAND	VOLUNTEER TO COMMAND		OFRECERSE COMO COMMANDER	New			
Competitive Play	THUNDERDOME_WAITING_FOR_PLAYERS	WAITING FOR PLAYERS		ESPERANDO JUGADORES	New			
Competitive Play	THUNDERDOME_WAITING_FOR_COMMANDERS	WAITING FOR COMMANDERS		ESPERANDO COMMANDERS	New			
Competitive Play	THUNDERDOME_WAITING_FOR_MAPVOTE	WAITING FOR MAP VOTE		ESPERANDO VOTACIÓN DE MAPA	New			
Competitive Play	THUNDERDOME_TEAM_ROLE_WIDGET_TITLE	YOUR TEAM		TU EQUIPO	New			
Competitive Play	THUNDERDOME_PLANNING_PHASE	PLANNING PHASE		FASE DE PLANIFICACIÓN	New			
Competitive Play	THUNDERDOME_LOBBY_TITLE	LOBBY		SALA	New			
Competitive Play	THUNDERDOME_LOBBY_PRIVATE_TITLE	PRIVATE LOBBY		SALA PRIVADA	New			
Competitive Play	THUNDERDOME_WAITING_FOR_SERVER	SPINNING UP SERVER ~%ds		INICIANDO SERVIDOR ~%ds	New			
Competitive Play	THUNDERDOME_MAPSELECTION_CONFIRM_BUTTON	CONFIRM AND LOCK VOTES		CONFIRMAR Y FIJAR VOTOS	New			
Competitive Play	THUNDERDOME_MAPSELECTION_CONFIRM_BUTTON_LOCKED	VOTED		VOTADO	New			
Competitive Play	THUNDERDOME_TECHPOINTLEGEND_LABEL	Techpoints		Tech points	New			
Competitive Play	THUNDERDOME_RESOURCENODE_LEGEND_LABEL	Resource Nodes		Nodos de recursos	New			
Competitive Play	THUNDERDOME_COMMANDER	COMMANDER		COMMANDER	New			
Competitive Play	THUNDERDOME_SERVER_WAIT_FAILED	Server spinup failed		Falló el inicio del servidor	New			
Competitive Play	THUNDERDOME_MATCH_PROCESS_FAILED	Match Process Failed		Falló el proceso de la partida	New			
Competitive Play	THUNDERDOME_SERVER_CONNECT_FAILED	Could not connect to Competitive Play Server.		No se pudo conectar al servidor de Partidas Competitivas.	New			
Competitive Play	THUNDERDOME_HIVEPROFILEFAILED	Hive profile could not be fetched.		No se pudo obtener el perfil de Hive.	New			
Competitive Play	THUNDERDOME_MATCHMAKING_ERROR_TITLE	Competitive Play Error		Error de Partidas Competitivas	New			
Competitive Play	THUNDERDOME_MATCHMAKING_RECONNECT_PROMPT	Reconnect to last Competitive Play server?		¿Reconectar al último servidor de Partidas Competitivas?	New			
Competitive Play	THUNDERDOME_MATCHMAKING_LOBBYINVITE_PROMPT	has invited you to join their lobby. Join the lobby?		te invitó a unirte a su sala. ¿Unirte a la sala?	New	CHECK	Follows a player name.	
Competitive Play	THUNDERDOME_MATCHMAKING_AFKKICK_PROMPT	You were kicked for being idle too long. If you do not rejoin the match, you will be penalized.\n\nDo you want to rejoin?		Fuiste expulsado por estar inactivo demasiado tiempo. Si no vuelves a la partida, serás penalizado.\n\n¿Quieres volver?	New			
Competitive Play	THUNDERDOME_MATCHMAKING_AFKKICK_NO_PEN_PROMPT	You were kicked for being idle too long. Do you want to rejoin?		Fuiste expulsado por estar inactivo demasiado tiempo. ¿Quieres volver?	New			
Competitive Play	THUNDERDOME_LOBBY_LIFESPAN_TIMEOUT	You were idle too long in a Lobby and automatically left the lobby.		Estuviste inactivo demasiado tiempo en una sala y saliste de ella automáticamente.	New			
Competitive Play	THUNDERDOME_MATCHMAKING_AFKKICK_TIMEOUT_PENALIZED_TITLE	AFK Kicked		Expulsado por AFK	New			
Competitive Play	THUNDERDOME_MATCHMAKING_AFKKICK_PENALZIED	You have been penalized for being AFK too long.		Fuiste penalizado por estar AFK demasiado tiempo.	New			
Competitive Play	THUNDERDOME_MATCHMAKING_PENALIZED	You have been penalized for leaving a match before both rounds were completed. Competitive Play is unavailable at this time.		Fuiste penalizado por abandonar una partida antes de que terminaran ambas rondas. Las Partidas Competitivas no están disponibles por ahora.	New			
Competitive Play	THUNDERDOME_OWNER_CHANGE_FAILED	No lobby members could complete a task. (Likely System or Steam is down)		Ningún miembro de la sala pudo completar una tarea. (Probablemente el sistema o Steam están caídos)	New			
Competitive Play	THUNDERDOME_SYSTEM_DISABLED	Competitive Play is currently disabled. This may be due to regular maintenance or a system outage. Please try again later.		Las Partidas Competitivas están desactivadas por el momento. Puede deberse a un mantenimiento regular o a una caída del sistema. Vuelve a intentarlo más tarde.	New			
Competitive Play	THUNDERDOME_STEAMOFFLINE	Steam is Offline or internet connection lost. Competitive Play is unavailable without Steam.\nPlease try again later.		Steam está desconectado o se perdió la conexión a internet. Las Partidas Competitivas no están disponibles sin Steam.\nVuelve a intentarlo más tarde.	New			
Competitive Play	THUNDERDOME_SEARCH_FAILED	Could not find a lobby!		¡No se encontró ninguna sala!	New			
Competitive Play	THUNDERDOME_BANNED	Competitive Play is not available. Your Steam account has an active ban.		Las Partidas Competitivas no están disponibles. Tu cuenta de Steam tiene un baneo activo.	New			
Competitive Play	THUNDERDOME_ROUND_AWAITING_ALL_CLIENTS	Round begins when all Players are connected		La ronda empieza cuando todos los jugadores estén conectados	New			
Competitive Play	THUNDERDOME_FIRST_ROUND	First Round		Primera ronda	New			
Competitive Play	THUNDERDOME_SECOND_ROUND	Second Round		Segunda ronda	New			
Competitive Play	THUNDERDOME_OVERVIEW_MAP_LABEL	MAP		MAPA	New			
Competitive Play	THUNDERDOME_LEAVE_WARNING_TITLE	Leaving Competitive Play		Salir de Partidas Competitivas	New			
Competitive Play	THUNDERDOME_LEAVE_WARNING_MESSAGE	Are you sure you want to leave Competitive Play?		¿Seguro que quieres salir de Partidas Competitivas?	New			
Competitive Play	THUNDERDOME_LEAVE_WARNING_MESSAGE_PENALTY	A Match is in progress, you will be penalized.\nAre you sure you want to leave?		Hay una partida en curso: serás penalizado.\n¿Seguro que quieres salir?	New			
Competitive Play	THUNDERDOME_LEAVE_WARNING_MESSAGE_PENALTY_INGAME	The Match is still in progress, you will be penalized.\nAre you sure you want to leave?		La partida sigue en curso: serás penalizado.\n¿Seguro que quieres salir?	New			
Competitive Play	THUNDERDOME_MATCHMAKE_START_WARNING_TITLE	Warning		Advertencia	New			
Competitive Play	THUNDERDOME_MATCHMAKE_START_WARNING_MESSAGE	You will be matched with other players for two rounds and cannot leave without penalties until both rounds are completed!		¡Serás emparejado con otros jugadores para dos rondas y no podrás salir sin penalización hasta que ambas rondas terminen!	New			
Competitive Play	THUNDERDOME_MUTE_PLAYER_CHAT	Mute Text Chat		Silenciar chat de texto	New			length: 23 chars vs 14 in English
Competitive Play	THUNDERDOME_UNMUTE_PLAYER_CHAT	Unmute Text Chat		Dejar de silenciar chat de texto	New			length: 32 chars vs 16 in English
Competitive Play	THUNDERDOME_VIEW_PLAYER_STEAM_PROFILE	View Steam Profile		Ver perfil de Steam	New			
Competitive Play	THUNDERDOME_ADD_TO_FRIENDS	Add to Friends		Agregar a amigos	New			
Competitive Play	THUNDERDOME_VOTE_TO_KICK	Vote to Kick		Votar para expulsar	New			
Competitive Play	THUNDERDOME_KICK_PLAYER	Kick Player		Expulsar jugador	New			
Competitive Play	THUNDERDOME_LOBBYSCRN_INVITE_BUTTON_LABEL	Invite Friends		Invitar amigos	New			
Competitive Play	THUNDERDOME_FRIENDENTRY_INVITE_BUTTON_LABEL	Click to Invite to your Lobby		Click para invitar a tu sala	New			
Competitive Play	THUNDERDOME_MISSION_TITLE	REWARD PROGRESSION		PROGRESIÓN DE RECOMPENSAS	New			
Competitive Play	THUNDERDOME_MISSION_TITLE1	COMPLETE THE		COMPLETA LA	New	CHECK	Two stacked labels: COMPLETE THE / MISSION:	
Competitive Play	THUNDERDOME_MISSION_TITLE2	MISSION:		MISIÓN:	New			
Competitive Play	THUNDERDOME_REWARDS_LOCKED_TEXT	COMPLETE THE MISSION TO UNLOCK REWARDS		COMPLETA LA MISIÓN PARA DESBLOQUEAR RECOMPENSAS	New			
Competitive Play	THUNDERDOME_REWARDS_PLAY_TITLE	RANKED PLAY REWARDS		RECOMPENSAS DE PARTIDAS RANKEADAS	New			length: 33 chars vs 19 in English
Competitive Play	THUNDERDOME_REWARDS_PLAY_DESC	Unlock exclusive rewards by playing on ranked servers!		¡Desbloquea recompensas exclusivas jugando en servidores rankeados!	New			
Competitive Play	THUNDERDOME_REWARDS_PLAY_DESC_DISABLED	Button Disabled. You are already in a match!		Botón desactivado. ¡Ya estás en una partida!	New			
Competitive Play	THUNDERDOME_REWARDS_PLAY_QUEUEBUTTON_TOPTEXT	BROWSE		VER	New	CHECK	Two stacked words on a button: BROWSE / SERVERS.	
Competitive Play	THUNDERDOME_REWARDS_PLAY_QUEUEBUTTON_BOTTEXT	SERVERS		SERVIDORES	New			
Competitive Play	THUNDERDOME_REWARDS_HOURSLINE_LABEL	PLAY HOURS		HORAS DE JUEGO	New			
Competitive Play	THUNDERDOME_REWARDS_VICTORIESLINE_LABEL	PLAY VICTORIES		VICTORIAS	New			
Competitive Play	THUNDERDOME_REWARDS_QUEUE_BTN_INVALID_MSG	You are already connected to a server.		Ya estás conectado a un servidor.	New			
Competitive Play	THUNDERDOME_REWARDS_QUEUE_BTN_INVALID_TITLE	Already Connected		Ya conectado	New			
Competitive Play	THUNDERDOME_PLANNING_SERVERWAIT_FLAVOR_1	Reticulating Splines		Reticulando splines	New	CHECK	Joke loading lines (this one is from SimCity); translated freely, here through number 30.	
Competitive Play	THUNDERDOME_PLANNING_SERVERWAIT_FLAVOR_2	Overclocking The Mainframe		Haciendo overclock al mainframe	New			
Competitive Play	THUNDERDOME_PLANNING_SERVERWAIT_FLAVOR_3	Retro Encabulator Vanes Warming		Calentando las aspas del retroencabulador	New			
Competitive Play	THUNDERDOME_PLANNING_SERVERWAIT_FLAVOR_4	Readying Ready Room		Preparando el Ready Room	New			
Competitive Play	THUNDERDOME_PLANNING_SERVERWAIT_FLAVOR_5	Recalibrating Phase Matrix		Recalibrando la matriz de fase	New			
Competitive Play	THUNDERDOME_PLANNING_SERVERWAIT_FLAVOR_6	Adjusting Flux Capacitor		Ajustando el condensador de flujo	New			
Competitive Play	THUNDERDOME_PLANNING_SERVERWAIT_FLAVOR_7	Buying Aurora Tickets		Comprando boletos para el Aurora	New			
Competitive Play	THUNDERDOME_PLANNING_SERVERWAIT_FLAVOR_8	Programming MAC Coffee Routine		Programando la rutina de café del MAC	New			
Competitive Play	THUNDERDOME_PLANNING_SERVERWAIT_FLAVOR_9	Charging Sentry Batteries		Cargando las Baterías de Energía	New			glossary: 'Sentry' should stay as 'Sentry'
Competitive Play	THUNDERDOME_PLANNING_SERVERWAIT_FLAVOR_10	Refueling The Jetpacks		Recargando combustible de los Jetpacks	New			length: 38 chars vs 22 in English
Competitive Play	THUNDERDOME_PLANNING_SERVERWAIT_FLAVOR_11	Changing Exosuit Oil		Cambiando el aceite del Exotraje	New			
Competitive Play	THUNDERDOME_PLANNING_SERVERWAIT_FLAVOR_12	Restocking The Thirsty Onos		Reabasteciendo el Thirsty Onos	New	CHECK	The Thirsty Onos is the bar on some maps; name kept.	
Competitive Play	THUNDERDOME_PLANNING_SERVERWAIT_FLAVOR_13	Unpacking The Mines		Desempacando las minas	New			
Competitive Play	THUNDERDOME_PLANNING_SERVERWAIT_FLAVOR_14	Nanite Server Cooling Initiated		Enfriamiento del servidor por nanitos iniciado	New			
Competitive Play	THUNDERDOME_PLANNING_SERVERWAIT_FLAVOR_15	Infesting Network Cables		Infestando los cables de red	New			
Competitive Play	THUNDERDOME_PLANNING_SERVERWAIT_FLAVOR_16	Computing Solution 42		Calculando la solución 42	New			
Competitive Play	THUNDERDOME_PLANNING_SERVERWAIT_FLAVOR_17	Negotiating With HAL		Negociando con HAL	New			
Competitive Play	THUNDERDOME_PLANNING_SERVERWAIT_FLAVOR_19	Calibrating Dropship Flight Plan		Calibrando el plan de vuelo de la nave de descenso	New			
Competitive Play	THUNDERDOME_PLANNING_SERVERWAIT_FLAVOR_20	Putting Nutrients In The Mist		Poniendo nutrientes en la neblina	New			
Competitive Play	THUNDERDOME_PLANNING_SERVERWAIT_FLAVOR_21	Unwelding The Vents		Desoldando los conductos de ventilación	New			length: 39 chars vs 19 in English
Competitive Play	THUNDERDOME_PLANNING_SERVERWAIT_FLAVOR_22	Herding The Nanites		Arreando a los nanitos	New			
Competitive Play	THUNDERDOME_PLANNING_SERVERWAIT_FLAVOR_23	Fading Through Folded Space		Atravesando el espacio plegado	New	CHECK	The pun on "Fading" (the Fade) is lost.	
Competitive Play	THUNDERDOME_PLANNING_SERVERWAIT_FLAVOR_24	Relocating The Dope Fish		Reubicando al Dopefish	New			
Competitive Play	THUNDERDOME_PLANNING_SERVERWAIT_FLAVOR_25	Bulk Ordering Clogs		Pidiendo Clogs al por mayor	New			
Competitive Play	THUNDERDOME_PLANNING_SERVERWAIT_FLAVOR_26	Finding The Lost Babblers		Buscando a los Babblers perdidos	New			
Competitive Play	THUNDERDOME_PLANNING_SERVERWAIT_FLAVOR_27	Generating Gorge Love		Generando amor de Gorge	New			
Competitive Play	THUNDERDOME_PLANNING_SERVERWAIT_FLAVOR_28	Restocking The Armory		Reabasteciendo el Armory	New			
Competitive Play	THUNDERDOME_PLANNING_SERVERWAIT_FLAVOR_29	Containerizing Alien Eggs		Empacando huevos alien en contenedores	New			
Competitive Play	THUNDERDOME_PLANNING_SERVERWAIT_FLAVOR_30	Refilling Shade Ink		Rellenando la tinta de la Shade	New			length: 31 chars vs 19 in English
Competitive Play	THUNDERDOME_LOBBY_JOIN_FAILED_GENERIC	Could not join lobby.		No se pudo entrar a la sala.	New			
Competitive Play	THUNDERDOME_LOBBY_CREATE_FAILED_GENERIC	Could not create lobby.		No se pudo crear la sala.	New			
Competitive Play	THUNDERDOME_TEAM_ALIENS	Aliens		Aliens	New			
Competitive Play	THUNDERDOME_TEAM_MARINES	Marines		Marines	New			
Competitive Play	THUNDERDOME_COMMANDER_VOLUNTEER_TITLE	Confirm Commander Role		Confirmar rol de Commander	New			
Competitive Play	THUNDERDOME_COMMANDER_VOLUNTEER_MESSAGE	Are you sure you want to volunteer to command? No turning back!		¿Seguro que quieres ofrecerte como Commander? ¡No hay vuelta atrás!	New			
Competitive Play	THUNDERDOME_RULES_TIMER_WAITCONNECT_PLAYERS	Waiting for Connecting Players		Esperando a los jugadores que se conectan	New			
Competitive Play	THUNDERDOME_RULES_TIMER_ASSIGN_PLAYERS	Assigning Teams		Asignando equipos	New			
Competitive Play	THUNDERDOME_RULES_TIMER_NEXTROUND_DELAY	Next Round		Siguiente ronda	New			
Competitive Play	THUNDERDOME_RULES_TIMER_REMATCHVOTE				New			empty proposal
Competitive Play	THUNDERDOME_RULES_TIMER_SERVER_SHUTDOWN	Server Shutdown		Cierre del servidor	New			
Competitive Play	THUNDERDOME_RULES_FORCED_CONCEDE_MSG	Opposing team has forfeited the Match		El equipo contrario abandonó la partida	New			
Competitive Play	THUNDERDOME_RULES_FORCED_CONCEDE_MSG_2	Your team has forfeited the Match		Tu equipo abandonó la partida	New			
Competitive Play	THUNDERDOME_RULES_FORCED_CONCEDE_MSG_DESC	The round will automatically concede and then server shutdown		La ronda se dará por concedida automáticamente y luego el servidor se cerrará	New			
Competitive Play	THUNDERDOME_RULES_FORCED_CONCEDE_WARN_MSG_TITLE	Teams are uneven		Equipos desequilibrados	New			
Competitive Play	THUNDERDOME_RULES_FORCED_CONCEDE_WARN_MSG	The Match will automatically end in %s seconds		La partida terminará automáticamente en %s segundos	New			
Competitive Play	THUNDERDOME_RULES_FORCED_CONCEDE_WARN_ROUNDLEN_MSG_TITLE	Round Time Limit		Límite de tiempo de la ronda	New			length: 28 chars vs 16 in English
Competitive Play	THUNDERDOME_RULES_FORCED_CONCEDE_WARN_ROUNDLEN_MSG	Competitive Play rounds are limited to %s minutes. Round will end as a Draw in %s seconds		Las rondas de Partidas Competitivas están limitadas a %s minutos. La ronda terminará en empate en %s segundos	New			
Competitive Play	THUNDERDOME_REWARDS_PULLOUT_TITLE	RANKED PLAY REWARDS		RECOMPENSAS DE PARTIDAS RANKEADAS	New			length: 33 chars vs 19 in English
Competitive Play	THUNDERDOME_REWARDS_DETAILS_PROGRESSLABEL	Progress remaining to reach this reward:		Progreso que falta para alcanzar esta recompensa:	New			
Competitive Play	THUNDERDOME_REWARDS_DETAILS_PROGRESSPOSTFIX_HOURS	Hours		horas	New			
Competitive Play	THUNDERDOME_REWARDS_DETAILS_PROGRESSPOSTFIX_VICTORIES	Victories		victorias	New			
Competitive Play	THUNDERDOME_REWARDS_DETAILS_COMMANDER	Commander		Commander	New			
Competitive Play	THUNDERDOME_REWARDS_NODE_COMMANDERTAG_TOPLABEL	Commander		Commander	New			
Competitive Play	THUNDERDOME_REWARDS_NODE_COMMANDERTAG_BOTTOMLABEL_HOURS	hours unlock		se desbloquea por horas	New	CHECK	Small label under "Commander" on a reward.	length: 23 chars vs 12 in English
Competitive Play	THUNDERDOME_REWARDS_NODE_COMMANDERTAG_BOTTOMLABEL_VICTORIES	victory unlock		se desbloquea por victorias	New	CHECK	Same.	length: 27 chars vs 14 in English
Competitive Play	THUNDERDOME_REWARDS_MARKER_FIELDHOURS_TOOLTIP	Field Player Hours		Horas como jugador de campo	New			
Competitive Play	THUNDERDOME_REWARDS_MARKER_COMMHOURS_TOOLTIP	Commander Hours		Horas como Commander	New			
Competitive Play	THUNDERDOME_REWARDS_MARKER_FIELDVICTORIES_TOOLTIP	Field Player Victories		Victorias como jugador de campo	New			
Competitive Play	THUNDERDOME_REWARDS_MARKER_COMMVICTORIES_TOOLTIP	Commander Victories		Victorias como Commander	New			
Competitive Play	THUNDERDOME_REWARDS_UNLOCKS_CALLING_CARDS	Unlocks Calling Cards		Desbloquea las tarjetas de presentación	New			length: 39 chars vs 21 in English
Competitive Play	THUNDERDOME_REWARD_RIFLE_WOOD_TITLE	WOOD RIFLE		RIFLE DE MADERA	New			
Competitive Play	THUNDERDOME_REWARD_BADGE_T1_TITLE	TIER 1 BADGE		INSIGNIA DE RANGO 1	New			
Competitive Play	THUNDERDOME_REWARD_PISTOL_WOOD_TITLE	WOOD PISTOL		PISTOLA DE MADERA	New			
Competitive Play	THUNDERDOME_REWARD_AXE_WOOD_TITLE	WOOD AXE		HACHA DE MADERA	New			
Competitive Play	THUNDERDOME_REWARD_PISTOL_DAMASCUS_GREEN_TITLE	DAMASCUS GREEN PISTOL		PISTOLA DE DAMASCO VERDE	New			
Competitive Play	THUNDERDOME_REWARD_BADGE_T2_TITLE	TIER 2 BADGE		INSIGNIA DE RANGO 2	New			
Competitive Play	THUNDERDOME_REWARD_AXE_DAMASCUS_GREEN_TITLE	DAMASCUS GREEN AXE		HACHA DE DAMASCO VERDE	New			
Competitive Play	THUNDERDOME_REWARD_PATCH_MADAXEGORGE_TITLE	MAD AXE GORGE PATCH		PARCHE MAD AXE GORGE	New			glossary: 'Axe' should be translated ('hacha')
Competitive Play	THUNDERDOME_REWARD_FT_CHROMA_TITLE	CHROMA FLAMETHROWER		LANZALLAMAS CHROMA	New			
Competitive Play	THUNDERDOME_REWARD_RIFLE_TRON_TITLE	TRON RIFLE		RIFLE TRON	New			
Competitive Play	THUNDERDOME_REWARD_SKULK_AURIC_TITLE	AURIC SKULK		SKULK AURIC	New			
Competitive Play	THUNDERDOME_REWARD_BADGE_T3_TITLE	TIER 3 BADGE		INSIGNIA DE RANGO 3	New			
Competitive Play	THUNDERDOME_REWARD_AXE_CHROMA_TITLE	CHROMA AXE		HACHA CHROMA	New			
Competitive Play	THUNDERDOME_REWARD_BABBLER_AURIC_TITLE	AURIC BABBLER		BABBLER AURIC	New			
Competitive Play	THUNDERDOME_REWARD_RIFLE_DAMASCUS_GREEN_TITLE	DAMASCUS GREEN RIFLE		RIFLE DE DAMASCO VERDE	New			
Competitive Play	THUNDERDOME_REWARD_HARVESTER_AURIC_TITLE	AURIC HARVESTER		HARVESTER AURIC	New			
Competitive Play	THUNDERDOME_REWARD_WELDER_CHROMA_TITLE	CHROMA WELDER		SOLDADOR CHROMA	New			
Competitive Play	THUNDERDOME_REWARD_BILEMINE_AURIC_TITLE	AURIC BILE MINE		MINA DE BILIS AURIC	New			
Competitive Play	THUNDERDOME_REWARD_BADGE_T4_TITLE	TIER 4 BADGE		INSIGNIA DE RANGO 4	New			
Competitive Play	THUNDERDOME_REWARD_SKULK_WIDOW_TITLE	WIDOW SKULK		SKULK WIDOW	New			
Competitive Play	THUNDERDOME_REWARD_BADGE_T5_TITLE	TIER 5 BADGE		INSIGNIA DE RANGO 5	New			
Competitive Play	THUNDERDOME_REWARD_EXOSUIT_CHROMA_TITLE	CHROMA EXOSUIT		EXOTRAJE CHROMA	New			
Competitive Play	THUNDERDOME_REWARD_BMAC_CHROMA_TITLE	CHROMA B.M.A.C.		B.M.A.C. CHROMA	New			
Competitive Play	THUNDERDOME_REWARD_BADGE_T6_TITLE	TIER 6 BADGE		INSIGNIA DE RANGO 6	New			
Competitive Play	THUNDERDOME_REWARD_BMACMIL_CHROMA_TITLE	CHROMA MILITARY B.M.A.C.		B.M.A.C. MILITAR CHROMA	New			
Competitive Play	THUNDERDOME_REWARD_ONOS_AURIC_TITLE	AURIC ONOS		ONOS AURIC	New			
Competitive Play	THUNDERDOME_REWARD_BADGE_T7_TITLE	TIER 7 BADGE		INSIGNIA DE RANGO 7	New			
Competitive Play	THUNDERDOME_REWARD_MARINE_ELITEASSAULT_TITLE	CHROMA ELITE ASSAULT MARINE		MARINE DE ASALTO DE ÉLITE CHROMA	New			
Competitive Play	THUNDERDOME_REWARD_BADGE_T8_TITLE	TIER 8 BADGE		INSIGNIA DE RANGO 8	New			
Competitive Play	THUNDERDOME_REWARD_EXTRACTOR_CHROMA_TITLE	CHROMA EXTRACTOR		EXTRACTOR CHROMA	New			
Competitive Play	THUNDERDOME_REWARD_ARC_CHROMA_TITLE	CHROMA ARC		ARC CHROMA	New			
Competitive Play	THUNDERDOME_REWARD_CYST_AURIC_TITLE	AURIC CYST		CYST AURIC	New			
Competitive Play	THUNDERDOME_REWARD_DRIFTER_AURIC_TITLE	AURIC DRIFTER		DRIFTER AURIC	New			
Competitive Play	THUNDERDOME_REWARD_MAC_CHROMA_TITLE	CHROMA MAC		MAC CHROMA	New			
Competitive Play	THUNDERDOME_REWARD_GRENADELAUNCHER_CHROMA_TITLE	CHROMA GRENADE LAUNCHER		LANZAGRANADAS CHROMA	New			
Competitive Play	THUNDERDOME_REWARD_RIFLE_DAMASCUS_PURPLE_TITLE	DAMASCUS PURPLE RIFLE		RIFLE DE DAMASCO PÚRPURA	New			
Competitive Play	THUNDERDOME_REWARD_AXE_DAMASCUS_PURPLE_TITLE	DAMASCUS PURPLE AXE		HACHA DE DAMASCO PÚRPURA	New			
Competitive Play	THUNDERDOME_REWARD_AXE_DAMASCUS_BLACK_TITLE	DAMASCUS BLACK AXE		HACHA DE DAMASCO NEGRO	New			
Competitive Play	THUNDERDOME_REWARD_PISTOL_DAMASCUS_PURPLE_TITLE	DAMASCUS PURPLE PISTOL		PISTOLA DE DAMASCO PÚRPURA	New			
Competitive Play	THUNDERDOME_REWARD_HMG_CHROMA_TITLE	CHROMA HMG		HMG CHROMA	New			
Competitive Play	THUNDERDOME_REWARD_CLOG_AURIC_TITLE	AURIC CLOG		CLOG AURIC	New			
Competitive Play	THUNDERDOME_REWARD_PISTOL_DAMASCUS_BLACK_TITLE	DAMASCUS BLACK PISTOL		PISTOLA DE DAMASCO NEGRO	New			
Competitive Play	THUNDERDOME_REWARD_SHOTGUN_CHROMA_TITLE	CHROMA SHOTGUN		ESCOPETA CHROMA	New			
Competitive Play	THUNDERDOME_REWARD_GORGE_AURIC_TITLE	AURIC GORGE		GORGE AURIC	New			
Competitive Play	THUNDERDOME_REWARD_HYDRA_AURIC_TITLE	AURIC HYDRA		HIDRA AURIC	New			
Competitive Play	THUNDERDOME_REWARD_RIFLE_DAMASCUS_BLACK_TITLE	DAMASCUS BLACK RIFLE		RIFLE DE DAMASCO NEGRO	New			
Competitive Play	THUNDERDOME_REWARD_LERK_AURIC_TITLE	AURIC LERK		LERK AURIC	New			
Competitive Play	THUNDERDOME_REWARD_FADE_AURIC_TITLE	AURIC FADE		FADE AURIC	New			
Competitive Play	THUNDERDOME_REWARD_EGG_AURIC_TITLE	AURIC EGG		HUEVO AURIC	New			
Competitive Play	THUNDERDOME_REWARD_TUNNEL_AURIC_TITLE	AURIC TUNNEL		TÚNEL AURIC	New			
Competitive Play	THUNDERDOME_REWARD_HIVE_AURIC_TITLE	AURIC HIVE		HIVE AURIC	New			
Competitive Play	THUNDERDOME_REWARD_COMMANDSTATION_CHROMA_TITLE	CHROMA COMMAND STATION		COMMAND STATION CHROMA	New			
Competitive Play	THUNDERDOME_REWARD_RIFLE_WOOD_DESC	It will look just as good mowing down Kharaa as it will hanging above your fireplace.		Se verá igual de bien segando Kharaa que colgado sobre tu chimenea.	New		Same text as the batch 6 item; all the reward descriptions below reuse the batch 6 wording where the English matches.	
Competitive Play	THUNDERDOME_REWARD_BADGE_T1_DESC	Welcome to the jungle!		¡Bienvenido a la jungla!	New			
Competitive Play	THUNDERDOME_REWARD_PISTOL_WOOD_DESC	Classy as it is deadly.		Tan elegante como letal.	New			
Competitive Play	THUNDERDOME_REWARD_AXE_WOOD_DESC	Get at it, lumberjack!		¡A trabajar, leñador!	New			
Competitive Play	THUNDERDOME_REWARD_PISTOL_DAMASCUS_GREEN_DESC	Specially anodized damascus steel with a minty twist.		Acero de Damasco con anodizado especial y un toque de menta.	New			
Competitive Play	THUNDERDOME_REWARD_BADGE_T2_DESC	Congratulations, you are no longer at the bottom of the food chain!		¡Felicitaciones, ya no estás al fondo de la cadena alimenticia!	New			
Competitive Play	THUNDERDOME_REWARD_AXE_DAMASCUS_GREEN_DESC	Specially anodized damascus steel with a minty twist - The choppy version.		Acero de Damasco con anodizado especial y un toque de menta. La versión que corta.	New			
Competitive Play	THUNDERDOME_REWARD_PATCH_MADAXEGORGE_DESC	Calling Card and Shoulder Patch. Strike fear into the hearts of your enemies with this terrifying effigy.		Tarjeta de presentación y parche de hombro. Infunde miedo en tus enemigos con esta efigie aterradora.	New			
Competitive Play	THUNDERDOME_REWARD_FT_CHROMA_DESC	This thing only has one setting: Extra Crispy		Esto tiene un solo ajuste: Extra Crujiente	New			
Competitive Play	THUNDERDOME_REWARD_RIFLE_TRON_DESC	TRON RIFLE		RIFLE TRON	New			
Competitive Play	THUNDERDOME_REWARD_SKULK_AURIC_DESC	Deep in the heart of Tanith facility has crept a particularly deadly new strain of Kharaa..		En lo profundo de la instalación Tanith se ha colado una nueva cepa de Kharaa particularmente letal..	New			
Competitive Play	THUNDERDOME_REWARD_BADGE_T3_DESC	Getting your toes wet, are you?		¿Así que mojándote los pies?	New			
Competitive Play	THUNDERDOME_REWARD_AXE_CHROMA_DESC	This axe has seen better days.		Esta hacha ha visto días mejores.	New			
Competitive Play	THUNDERDOME_REWARD_BABBLER_AURIC_DESC	Add some bling to your Gorge.		Ponle algo de brillo a tu Gorge.	New			
Competitive Play	THUNDERDOME_REWARD_RIFLE_DAMASCUS_GREEN_DESC	Specially anodized damascus steel with a minty twist - The shooty version.		Acero de Damasco con anodizado especial y un toque de menta. La versión que dispara.	New			
Competitive Play	THUNDERDOME_REWARD_HARVESTER_AURIC_DESC	Flecked with such sparkling beauty, you'd think it was mining gold! .... wait it's not, is it?		Salpicado de una belleza tan brillante que pensarías que extrae oro... Un momento, no es eso, ¿verdad?	New			
Competitive Play	THUNDERDOME_REWARD_WELDER_CHROMA_DESC	Old' trusty, this well loved welder is sure to keep your structures and teammates well repaired.		Viejo y confiable, este querido soldador mantendrá bien reparados tus estructuras y compañeros.	New			
Competitive Play	THUNDERDOME_REWARD_BILEMINE_AURIC_DESC	This gleaming little treasure has a rude surprise for those who want to crack it open to find out what's inside.		Este pequeño tesoro reluciente tiene una sorpresa desagradable para quien quiera abrirlo y ver qué hay dentro.	New			
Competitive Play	THUNDERDOME_REWARD_BADGE_T4_DESC	Moving up in the world!		¡Vas subiendo en el mundo!	New			
Competitive Play	THUNDERDOME_REWARD_SKULK_WIDOW_DESC	This unique aberration of Kharaa genetics is particularly nasty and patient.		Esta aberración única de la genética Kharaa es particularmente desagradable y paciente.	New			
Competitive Play	THUNDERDOME_REWARD_BADGE_T5_DESC	Hey, you can probably start bossing people around.		Oye, ya casi puedes empezar a mandonear a la gente.	New			
Competitive Play	THUNDERDOME_REWARD_EXOSUIT_CHROMA_DESC	Plated in carbon fiber alloy, this thing will send the Kharaa running for the hills.		Recubierto de aleación de fibra de carbono, esto hará que los Kharaa salgan corriendo.	New			
Competitive Play	THUNDERDOME_REWARD_BMAC_CHROMA_DESC	Why someone would trick out a B.M.A.C. in plated carbon fiber is unknown, but what is known is that it is quite efficient at exterminating Kharaa.		No se sabe por qué alguien tunearía un B.M.A.C. con fibra de carbono, pero sí se sabe que es bastante eficiente exterminando Kharaa.	New			
Competitive Play	THUNDERDOME_REWARD_BADGE_T6_DESC	A connoisseur of competitive play in every right!		¡Todo un conocedor de las partidas competitivas!	New			
Competitive Play	THUNDERDOME_REWARD_BMACMIL_CHROMA_DESC	When all else fails, send in this elite unit of B.M.A.C. and it'll get the job done.		Cuando todo lo demás falle, manda a esta unidad de élite de B.M.A.C. y hará el trabajo.	New			
Competitive Play	THUNDERDOME_REWARD_ONOS_AURIC_DESC	Gilded bone and gleaming spines, tears through flesh and steel just the same!		Hueso dorado y espinas relucientes, ¡desgarra carne y acero por igual!	New			
Competitive Play	THUNDERDOME_REWARD_BADGE_T7_DESC	A true champion.		Un verdadero campeón.	New			
Competitive Play	THUNDERDOME_REWARD_MARINE_ELITEASSAULT_DESC	The most elite of the elite. If you see one of these marines walking toward you, just go ahead and run the other way.		Lo más élite de la élite. Si ves a uno de estos Marines caminar hacia ti, mejor corre para el otro lado.	New			
Competitive Play	THUNDERDOME_REWARD_BADGE_T8_DESC	Go ahead and name yourself the Babbler King, because you've earned it!		Adelante, nómbrate Rey de los Babblers, ¡porque te lo ganaste!	New			
Competitive Play	THUNDERDOME_REWARD_EXTRACTOR_CHROMA_DESC	As scuffed as it may be, it still pulls resources out of the ground like nobody's business! 		Por más raspado que esté, ¡sigue sacando recursos del suelo como nadie! 	New			
Competitive Play	THUNDERDOME_REWARD_ARC_CHROMA_DESC	That Hive won't stand a chance against this puppy.		Esa Hive no tiene ninguna oportunidad contra esta belleza.	New			
Competitive Play	THUNDERDOME_REWARD_CYST_AURIC_DESC	Just follow the yellow brick road! .... wait.		¡Solo sigue el camino de ladrillos amarillos! ...Un momento.	New			
Competitive Play	THUNDERDOME_REWARD_DRIFTER_AURIC_DESC	Build your structures and support your team in the upmost of style.		Construye tus estructuras y apoya a tu equipo con el máximo estilo.	New			
Competitive Play	THUNDERDOME_REWARD_MAC_CHROMA_DESC	Yes, this MAC has seen a thing or two. I'd watch your back if I were you.		Sí, este MAC ha visto un par de cosas. Yo que tú me cuidaría la espalda.	New			
Competitive Play	THUNDERDOME_REWARD_GRENADELAUNCHER_CHROMA_DESC	Sleek and shiny, this thing will explode things and look extra cool doing it.		Elegante y brillante: hace explotar cosas y se ve genial haciéndolo.	New			
Competitive Play	THUNDERDOME_REWARD_RIFLE_DAMASCUS_PURPLE_DESC	Specially anodized damascus steel with violent flare. I mean violet...violet flare.		Acero de Damasco con anodizado especial y un destello violento. Digo, violeta... un destello violeta.	New			
Competitive Play	THUNDERDOME_REWARD_AXE_DAMASCUS_PURPLE_DESC	You can't leave the barracks without a matching axe!		¡No puedes salir del cuartel sin un hacha que combine!	New			
Competitive Play	THUNDERDOME_REWARD_AXE_DAMASCUS_BLACK_DESC	The very rare dark edition of the damascus steel line, this thing works exactly the same as a normal axe.		La rarísima edición oscura de la línea de acero de Damasco; funciona exactamente igual que un hacha normal.	New			
Competitive Play	THUNDERDOME_REWARD_PISTOL_DAMASCUS_PURPLE_DESC	Round out the set with this murderously mauve piece.		Completa el juego con esta pieza de un malva asesino.	New			
Competitive Play	THUNDERDOME_REWARD_HMG_CHROMA_DESC	This thing fires rounds packed not with gunpowder but pure spite.		Dispara balas cargadas no con pólvora, sino con puro rencor.	New			
Competitive Play	THUNDERDOME_REWARD_CLOG_AURIC_DESC	Dark and spectacularly spiny, this shiny is sure to dissuade marines from entering an area!		Oscuro y espectacularmente espinoso, ¡este brillante disuadirá a los Marines de entrar a una zona!	New			
Competitive Play	THUNDERDOME_REWARD_PISTOL_DAMASCUS_BLACK_DESC	Collectors will envy any who carry this ebony edition of the damascus steel line.		Los coleccionistas envidiarán a quien lleve esta edición ébano de la línea de acero de Damasco.	New			
Competitive Play	THUNDERDOME_REWARD_SHOTGUN_CHROMA_DESC	Shreds through Kharaa just as easily as it shredded the last few hundred.		Despedaza Kharaa con la misma facilidad con la que despedazó a los últimos cientos.	New			
Competitive Play	THUNDERDOME_REWARD_GORGE_AURIC_DESC	Ultimate Gorge royalty. Make way, peasants!		La máxima realeza Gorge. ¡Abran paso, plebeyos!	New			
Competitive Play	THUNDERDOME_REWARD_HYDRA_AURIC_DESC	A gleaming sentry sure to spot any who enter its territory.		Una centinela reluciente que detectará a cualquiera que entre en su territorio.	New			
Competitive Play	THUNDERDOME_REWARD_RIFLE_DAMASCUS_BLACK_DESC	The most prized of the damascus line - this onyx rifle will make anyone envious.		El más preciado de la línea de Damasco: este rifle color ónix le dará envidia a cualquiera.	New			
Competitive Play	THUNDERDOME_REWARD_LERK_AURIC_DESC	As deadly as it is elegant.		Tan letal como elegante.	New			
Competitive Play	THUNDERDOME_REWARD_FADE_AURIC_DESC	This stygian terror will have marines checking behind them at every turn.		Este terror estigio hará que los Marines miren hacia atrás a cada paso.	New			
Competitive Play	THUNDERDOME_REWARD_EGG_AURIC_DESC	You may regret cracking this open to find out what's inside. hint: it's not gold..		Quizá te arrepientas de romperlo para ver qué hay dentro. Pista: no es oro..	New			
Competitive Play	THUNDERDOME_REWARD_TUNNEL_AURIC_DESC	Shepherd your team in style though this ferociously fabulous tunnel.		Guía a tu equipo con estilo por este túnel ferozmente fabuloso.	New			
Competitive Play	THUNDERDOME_REWARD_HIVE_AURIC_DESC	The ultimate status symbol - this exotic Hive will strike fear into the hearts of your enemy and inspire your team.		El símbolo de estatus definitivo: esta exótica Hive infundirá miedo en tus enemigos e inspirará a tu equipo.	New			
Competitive Play	THUNDERDOME_REWARD_COMMANDSTATION_CHROMA_DESC	Fear for the marine who dares disobey a commander in the seat of the elite Chroma unit Command Station.		Pobre del Marine que se atreva a desobedecer a un Commander sentado en la Command Station de la unidad de élite Chroma.	New			
Competitive Play	THUNDERDOME_REWARD_CC_SKULK_HUG_DESC	Calling Card. Unlocking this will also unlock the Calling Cards feature!		Tarjeta de presentación. ¡Desbloquearla también desbloquea la función de tarjetas de presentación!	New			
Competitive Play	THUNDERDOME_REWARD_CC_DONT_BLINK_DESC	Calling Card. If you hear it, it's too late!		Tarjeta de presentación. Si lo oyes, ¡ya es tarde!	New			
Competitive Play	THUNDERDOME_REWARD_CC_BABY_MARINE_DESC	Calling Card. Fresh out of the Infantry Printer! .... er, Portal. Infantry Portal.		Tarjeta de presentación. ¡Recién salido de la impresora de infantería! ... eh, Portal. Infantry Portal.	New			
Competitive Play	THUNDERDOME_REWARD_CC_LOCKED_AND_LOADED_DESC	Calling Card. Spawned in and ready to kick some alien booty.		Tarjeta de presentación. Recién aparecido y listo para patear traseros alien.	New			
Competitive Play	THUNDERDOME_REWARD_CC_NED_RAGE_DESC	Calling Card. For when there are too many words and not enough at the same time.		Tarjeta de presentación. Para cuando hay demasiadas palabras y a la vez no alcanzan.	New			
Competitive Play	THUNDERDOME_REWARD_CC_URPA_BOOTY_DESC	Calling Card. Ever get the feeling you're being watched? Or... parts of you are?		Tarjeta de presentación. ¿Alguna vez sentiste que te observan? O... ¿que observan partes de ti?	New			
Competitive Play	THUNDERDOME_REWARD_CC_SAD_BABBLER_DESC	Calling Card. All this babbler ever wanted was a hug and everyone keeps running away.		Tarjeta de presentación. Este Babbler solo quería un abrazo y todos salen corriendo.	New			
Competitive Play	THUNDERDOME_REWARD_CC_WELD_DONE_DESC	Calling Card. Sometimes, you just gotta whip it out.		Tarjeta de presentación. A veces simplemente hay que sacarlo.	New			
Competitive Play	THUNDERDOME_REWARD_CC_BALANCE_GORGE_DESC	Calling Card. Perfectly calculated.		Tarjeta de presentación. Perfectamente calculado.	New			
Competitive Play	THUNDERDOME_REWARD_CC_LORK_DESC	Calling Card. Aww! She likes you! ...Wait, stop running!		Tarjeta de presentación. ¡Aww! ¡Le caes bien! ...Espera, ¡deja de correr!	New			
Competitive Play	THUNDERDOME_REWARD_CC_LAZY_GORGE_DESC	Calling Card. Mood.		Tarjeta de presentación. Así me siento.	New			length: 39 chars vs 19 in English
Competitive Play	THUNDERDOME_REWARD_CC_URPA_DESC	Calling Card. Part Man. Part Legend. All danger. He is Urpa.		Tarjeta de presentación. Parte hombre. Parte leyenda. Todo peligro. Él es Urpa.	New			
Competitive Play	THUNDERDOME_REWARD_CC_SLIPPER_SKULK_DESC	Calling Card. For when your little clawsies get chilly in those cold facility maintenance corridors.		Tarjeta de presentación. Para cuando tus garritas se enfrían en esos helados pasillos de mantenimiento de la instalación.	New			
Competitive Play	THUNDERDOME_REWARD_CC_SHADOW_FADE_DESC	Calling Card. Style on 'em like the prey they are.		Tarjeta de presentación. Luce tu estilo frente a la presa que son.	New			
Competitive Play	THUNDERDOME_REWARD_CC_BURNOUT_FADE_DESC	Calling Card. Sometimes, your backpack just isn't big enough.		Tarjeta de presentación. A veces tu mochila simplemente no es lo bastante grande.	New			
Competitive Play	THUNDERDOME_REWARD_CC_OVER9000_DEGREES_DESC	Calling Card. Their kill count is ... is what?! You've got to be kidding me.		Tarjeta de presentación. Su cuenta de bajas es de... ¡¿de cuánto?! Tienes que estar bromeando.	New			
Competitive Play	THUNDERDOME_REWARD_CC_LERKED_DESC	Calling Card. Seldom are any more feared nor hated than the Apex Lerk.		Tarjeta de presentación. Pocos son más temidos y odiados que el Lerk Apex.	New			
Competitive Play	THUNDERDOME_REWARD_CC_TABLE_FLIP_GORGE_DESC	Calling Card. For when peaceful dialogue has been taken off the table.		Tarjeta de presentación. Para cuando el diálogo pacífico ya no está sobre la mesa.	New			
Competitive Play	THUNDERDOME_REWARD_CC_ANGRY_ONOS_DESC	Calling Card. Put em' in their place at the bottom of the food chain.		Tarjeta de presentación. Ponlos en su lugar, al fondo de la cadena alimenticia.	New			
Competitive Play	THUNDERDOME_REWARD_CC_OHNOES_DESC	Calling Card. Oh... no, you've come to the wrong neighborhood friend.		Tarjeta de presentación. Oh... no, viniste al barrio equivocado, amigo.	New			
Competitive Play	THUNDERDOME_REWARD_CC_FOR_SCIENCE_DESC	Calling Card. Some say Jetpack Gorge is still out there to this day, looking down upon you from the stars.		Tarjeta de presentación. Algunos dicen que el Gorge con Jetpack sigue ahí afuera hasta el día de hoy, mirándote desde las estrellas.	New			
Competitive Play	THUNDERDOME_REWARD_CC_TURBO_DRIFTER_DESC	Calling Card. Ain't no one ever caught the TURBO DRIFTER.		Tarjeta de presentación. Nadie atrapó jamás al TURBO DRIFTER.	New			
Competitive Play	THUNDERDOME_REWARD_CC_BATTLE_GORGE_DESC	Calling Card. They laughed at my clogs. I laughed at their corpses.		Tarjeta de presentación. Se rieron de mis Clogs. Yo me reí de sus cadáveres.	New			
Competitive Play	THUNDERDOME_SELECT_SEARCH	SEARCH		BUSCAR	New			
Competitive Play	THUNDERDOME_SELECT_GROUP	GROUP		GRUPO	New			
Competitive Play	THUNDERDOME_SELECT_PRIVATE	PRIVATE		PRIVADA	New			
Competitive Play	THUNDERDOME_GROUP_WAITING_FOR_PLAYERS	Waiting for Players		Esperando jugadores	New			
Competitive Play	THUNDERDOME_GROUP_SEARCHING_FOR_MATCH	Searching for Match		Buscando partida	New			
Competitive Play	THUNDERDOME_GROUP_MATCH_FOUND	Match Found		Partida encontrada	New			
Competitive Play	THUNDERDOME_LOBBY_INVITATION	Lobby Invitation		Invitación a sala	New			
Competitive Play	THUNDERDOME_LOBBY_TIMEOUT	Lobby Timeout		Tiempo de sala agotado	New			length: 22 chars vs 13 in English
Competitive Play	THUNDERDOME_AFK_KICKED	AFK Kicked		Expulsado por AFK	New			
Competitive Play	THUNDERDOME_RECONNECT_TO_MATCH	Reconnect to Match		Reconectar a la partida	New			
Competitive Play	THUNDERDOME_MATCHMAKING_AUTOPENALIZED_IN	Auto-penalized in %s seconds.		Penalización automática en %s segundos.	New			
Competitive Play	THUNDERDOME_MATCHMAKING_AUTOLEAVE_IN	Auto-leave in %s seconds.		Salida automática en %s segundos.	New			
Competitive Play	THUNDERDOME_STEAM_OFFLINE	Steam Offline		Steam desconectado	New			
Competitive Play	THUNDERDOME_MODE_TIP_SEARCH	Find the best available match for you. Earn rewards.		Encuentra la mejor partida disponible para ti. Gana recompensas.	New			
Competitive Play	THUNDERDOME_MODE_TIP_GROUP	Create a new friends-group, and play on the same team. Earn rewards.		Crea un nuevo grupo de amigos y jueguen en el mismo equipo. Gana recompensas.	New			
Competitive Play	THUNDERDOME_MODE_TIP_PRIVATE	Create a private match for you and your friends only. No rewards.		Crea una partida privada solo para ti y tus amigos. Sin recompensas.	New			
Competitive Play	THUNDERDOME_GROUP_FIND_MATCH	FIND MATCH		BUSCAR PARTIDA	New			
Competitive Play	THUNDERDOME_GROUP_CANCEL_SEARCH	CANCEL SEARCH		CANCELAR BÚSQUEDA	New			
Competitive Play	THUNDERDOME_GROUP_TITLE	GROUP QUEUE		COLA DE GRUPO	New			
Competitive Play	THUNDERDOME_LOBBY_INVITE_INVALID	Invalid Invitation		Invitación no válida	New			
Competitive Play	THUNDERDOME_MATCHMAKING_LOBBYINVITE_INVALID	The lobby you are attempting to join is full or cannot be joined.		La sala a la que intentas unirte está llena o no admite más jugadores.	New			
Competitive Play	THUNDERDOME_LOBBY_KICKED	Kicked		Expulsado	New			
Competitive Play	THUNDERDOME_MATCHMAKING_LOBBY_KICKED	You have been kicked from the Competitive Play lobby by other players.		Otros jugadores te expulsaron de la sala de Partidas Competitivas.	New			
Competitive Play	THUNDERDOME_MODE_TIP_SEARCH_PENALTY	Public Competitive Play is unavailable while penalized.		Las Partidas Competitivas públicas no están disponibles mientras estés penalizado.	New			
Competitive Play	THUNDERDOME_MODE_TIP_GROUP_PENALTY	Competitive Play Group Queuing is unavailable while penalized.		La cola de grupo de Partidas Competitivas no está disponible mientras estés penalizado.	New			
Competitive Play	THUNDERDOME_MATCHMAKING_PENALTY_EXPIRES	Penalty expires in %s.		La penalización termina en %s.	New			
Competitive Play	THUNDERDOME_LOBBY_RESULTS	%s Waiting | %s Playing		%s esperando | %s jugando	New			
Competitive Play	THUNDERDOME_OPPOSING_TEAM	OPPOSING TEAM		EQUIPO CONTRARIO	New			
Competitive Play	THUNDERDOME_SHOW_ROSTER	Show Opposing Team		Mostrar equipo contrario	New			
Competitive Play	THUNDERDOME_HIDE_ROSTER	Hide Opposing Team		Ocultar equipo contrario	New			
