CUSTOMIZE_MENU_SEX_MALE	Femenino	CHECK	Upstream oddity: the key says MALE but the English text is "Female" (the old Spanish said "Male"). Translated what the English shows.
CUSTOMIZE_MENU_SKIN_NORMAL	Normal		
CUSTOMIZE_MENU_BADGES	Administrar insignias	FIX	Badge is "insignia" in the glossary, not "medalla".
CUSTOMIZE_MENU_EXO_ARMOR	ARMADURA DE EXO	FIX	Added "DE".
CUSTOMIZE_MENU_FADE_TYPE	TIPO DE FADE		
CUSTOMIZE_MENU_FLAMETHROWER_SKIN	SKIN DE LANZALLAMAS	CHECK	"Skin" kept, as players say it. The file had "VARIANTE" for the rifle; "aspecto" is the other option. Applies to all the skin lines.
CUSTOMIZE_MENU_GORGE_TYPE	TIPO DE GORGE		
CUSTOMIZE_MENU_GRENADE_LAUNCHER_SKIN	SKIN DE LANZAGRANADAS		
CUSTOMIZE_MENU_HMG_SKIN	SKIN DE HMG		
CUSTOMIZE_MENU_LERK_TYPE	TIPO DE LERK		
CUSTOMIZE_MENU_MARINE_ARMOR	ARMADURA DE MARINE	FIX	Added "DE".
CUSTOMIZE_MENU_MARINE_GENDER	GÉNERO DEL MARINE	FIX	"Gender".
CUSTOMIZE_MENU_ONOS_TYPE	TIPO DE ONOS		
CUSTOMIZE_MENU_RIFLE_SKIN	SKIN DE RIFLE	FIX	"Skin", to match the other weapon lines (was "VARIANTE").
CUSTOMIZE_MENU_PISTOL_SKIN	SKIN DE PISTOLA		
CUSTOMIZE_MENU_AXE_SKIN	SKIN DE HACHA		
CUSTOMIZE_MENU_SHOTGUN_SKIN	SKIN DE ESCOPETA		
CUSTOMIZE_MENU_ROTATE	Arrastra para rotar		
CUSTOMIZE_MENU_SHOULDER_PAD	PARCHE DE HOMBRO	FIX	"parche de hombro", as approved in batch 4.
CUSTOMIZE_MENU_SKULK_TYPE	TIPO DE SKULK		
CUSTOMIZE_MENU_WELDER_SKIN	SKIN DE SOLDADOR		
CUSTOMIZE_MENU_ALIEN_STRUCTURES_SKIN	SKIN DE ESTRUCTURAS		
CUSTOMIZE_MENU_MARINE_STRUCTURES_SKIN	SKIN DE ESTRUCTURAS		
CUSTOMIZE_MENU_ALIEN_TUNNELS_SKIN	SKIN DE TÚNELES		
BUY_THUNDERDOME_UNLOCK	Se desbloquea con la partida competitiva		
BADGE_COMMANDER	Commander		
BADGE_COMMUNITY_DEV	Desarrollador de la comunidad		
BADGE_CONSTELLATION	Constellation		
BADGE_DEV	Desarrollador		
BADGE_DEV_RETIRED	Desarrollador retirado	FIX	No Title Case.
BADGE_EMPTY_SLOT	Espacio de insignia vacío		
BADGE_ENSL_2017	Campeón de la Temporada 10 de la ENSL		
BADGE_ENSL_COMMUNITY_CHAMPION_2019_BRONZE	Tercer puesto del Community Challenge 2019 de la ENSL	CHECK	Tournament names kept in English; "Second Runner-Up" is third place.
BADGE_ENSL_COMMUNITY_CHAMPION_2019_GOLD	Campeón del Community Challenge 2019 de la ENSL		
BADGE_ENSL_COMMUNITY_CHAMPION_2019_SILVER	Subcampeón del Community Challenge 2019 de la ENSL		
BADGE_ENSL_NC_2017_BLUE	Participante del Newcomer Tournament 2017 de la ENSL		
BADGE_ENSL_NC_2017_SILVER	Finalista del Newcomer Tournament 2017 de la ENSL		
BADGE_ENSL_NC_2017_GOLD	Ganador del Newcomer Tournament 2017 de la ENSL		
BADGE_ENSL_NC_2017_LATE_BLUE	Participante del Newcomer Tournament de fines de 2017 de la ENSL		
BADGE_ENSL_NC_2017_LATE_GOLD	Ganador del Newcomer Tournament de fines de 2017 de la ENSL		
BADGE_ENSL_NC_2017_LATE_SILVER	Finalista del Newcomer Tournament de fines de 2017 de la ENSL		
BADGE_ENSL_NC_2019_BLUE	Participante del Newcomer Tournament del verano de 2019 de la ENSL		
BADGE_ENSL_NC_2019_SILVER	Subcampeón del Newcomer Tournament del verano de 2019 de la ENSL		
BADGE_ENSL_NC_2019_GOLD	Ganador del Newcomer Tournament del verano de 2019 de la ENSL		
BADGE_ENSL_S11_GOLD	Ganador de la División 1 de la Temporada 11 de la ENSL		
BADGE_ENSL_S11_SILVER	Ganador de la División 2 de la Temporada 11 de la ENSL		
BADGE_ENSL_S12_D1_GOLD	Ganador de la División 1 de la Temporada 12 de la ENSL		
BADGE_ENSL_S12_D1_SILVER	Subcampeón de la División 1 de la Temporada 12 de la ENSL		
BADGE_ENSL_S12_D1_BRONZE	Tercer puesto de la División 1 de la Temporada 12 de la ENSL		
BADGE_ENSL_S12_D2_GOLD	Ganador de la División 2 de la Temporada 12 de la ENSL		
BADGE_ENSL_S12_D2_SILVER	Subcampeón de la División 2 de la Temporada 12 de la ENSL		
BADGE_ENSL_S12_D2_BRONZE	Tercer puesto de la División 2 de la Temporada 12 de la ENSL		
BADGE_ENSL_S12_D3_GOLD	Ganador de la División 3 de la Temporada 12 de la ENSL		
BADGE_ENSL_S12_D3_SILVER	Subcampeón de la División 3 de la Temporada 12 de la ENSL		
BADGE_ENSL_S12_D3_BRONZE	Tercer puesto de la División 3 de la Temporada 12 de la ENSL		
BADGE_ENSL_S16_GOLD	Ganador de la Temporada 16 de la ENSL		
BADGE_ENSL_S16_SILVER	Subcampeón de la Temporada 16 de la ENSL		
BADGE_ENSL_S16_BRONZE	Tercer puesto de la Temporada 16 de la ENSL		
BADGE_ENSL_WC_GOLD	Ganador del Campeonato Mundial 2014		
BADGE_ENSL_WC_SILVER	Finalista del Campeonato Mundial 2014		
BADGE_ENSL_WC_BRONZE	Semifinalista del Campeonato Mundial 2014		
BADGE_HUGHNICORN	Hughnicorn		
BADGE_MAPTESTER	Probador de mapas	CHECK	The file keeps "Playtester" in English for the NS1 badge; I translated Maptester and kept Playtester.
BADGE_NS1_PLAYTESTER	Playtester de NS1		
BADGE_PAX2012	PAX 2012		
BADGE_PLAYTESTER	Playtester		
BADGE_REINFORCED1	Reinforced Azul	CHECK	Reinforced is the supporter program; tier names translated where they are colors or metals.
BADGE_REINFORCED2	Reinforced Plata		
BADGE_REINFORCED3	Reinforced Oro		
BADGE_REINFORCED4	Reinforced Diamante		
BADGE_REINFORCED5	Reinforced Shadow		
BADGE_REINFORCED6	Reinforced Onos		
BADGE_REINFORCED7	Reinforced Insider		
BADGE_REINFORCED8	Reinforced Game Director		
BADGE_SELECTION_HELP	Arrastra y suelta para seleccionar, haz click para quitar		
BADGE_SKULK_CHALLENGE_1_BRONZE	Desafío de Skulk (Tram) Bronce		
BADGE_SKULK_CHALLENGE_1_SILVER	Desafío de Skulk (Tram) Plata		
BADGE_SKULK_CHALLENGE_1_GOLD	Desafío de Skulk (Tram) Oro		
BADGE_SKULK_CHALLENGE_1_SHADOW	Desafío de Skulk (Tram) Shadow		
BADGE_SQUAD5_BLUE	Squad 5 Azul		
BADGE_SQUAD5_GOLD	Squad 5 Oro		
BADGE_SQUAD5_SILVER	Squad 5 Plata		
BADGE_TOURNAMENT_MM_BLUE	Participante de Mod Madness 2017		
BADGE_TOURNAMENT_MM_SILVER	Finalista de Mod Madness 2017		
BADGE_TOURNAMENT_MM_GOLD	Ganador de Mod Madness 2017		
BADGE_WC2013_GOLD	Campeonato Mundial 2013 Oro		
BADGE_WC2013_SHADOW	Campeonato Mundial 2013 Shadow		
BADGE_WC2013_SILVER	Campeonato Mundial 2013 Plata		
BADGE_WC2013_SUPPORTER	Colaborador del Campeonato Mundial 2013		
BADGE_TD_TIER1	Partida competitiva - Rango 1	CHECK	"Tier" as "rango", following "rango de habilidad" (Skill Tier).
BADGE_TD_TIER2	Partida competitiva - Rango 2		
BADGE_TD_TIER3	Partida competitiva - Rango 3		
BADGE_TD_TIER4	Partida competitiva - Rango 4		
BADGE_TD_TIER5	Partida competitiva - Rango 5		
BADGE_TD_TIER6	Partida competitiva - Rango 6		
BADGE_TD_TIER7	Partida competitiva - Rango 7		
BADGE_TD_TIER8	Partida competitiva - Rango 8		
CALLINGCARD_CUSTOMIZER_TOOLTIP	Personalizar tarjeta de presentación	CHECK	"Calling card": tarjeta de presentación.
CALLINGCARD_CUSTOMIZER_LOCKED	Desbloquea tarjetas de presentación con la partida competitiva		
CALLINGCARD_CUSTOMIZER_UNLOCKED	Personalizar tarjeta de presentación		
CALLINGCARD_TOOLTIP_EXTRA	¡Desbloquéala compitiendo en la partida competitiva!		
CALLINGCARD_TOOLTIP_EXTRASHOULDERPATCH	¡Compra el DLC para usar este parche de hombro como tarjeta de presentación!		
CALLINGCARD_REINFORCED_TOOLTIP	Reinforced		
CALLINGCARD_NONE_TOOLTIP	Ninguna		
CALLINGCARD_SHADOW_TOOLTIP	Shadow		
CALLINGCARD_WC14_TOOLTIP	Campeonato Mundial 2014		
CALLINGCARD_GODAR_TOOLTIP	Godar		
CALLINGCARD_SAUNAMEN_TOOLTIP	Saunamen		
CALLINGCARD_SNAILS_TOOLTIP	Snails		
CALLINGCARD_TITUS_TOOLTIP	Titus		
CALLINGCARD_KODIAK_TOOLTIP	Kodiak		
CALLINGCARD_REAPER_TOOLTIP	Reaper		
CALLINGCARD_TUNDRA_TOOLTIP	Tundra		
CALLINGCARD_ROOKIE_TOOLTIP	Cómete las verduras		
CALLINGCARD_ROOKIE_LOCKED_TOOLTIP	¡Gana esta tarjeta de presentación y el parche de hombro completando la misión en la pantalla de recompensas de las partidas rankeadas!		
CALLINGCARD_HAUNTEDBABBLER_TOOLTIP	Haunted Babbler	CHECK	Card names kept in English, like other cosmetic product names (here through "Locked and Loaded"). Say if you want them translated.
CALLINGCARD_HALLOWEEN2016_TOOLTIP	Halloween 2016		
CALLINGCARD_LEVIATHAN_TOOLTIP	Reaper Leviathan		
CALLINGCARD_PEEPER_TOOLTIP	Peeper		
CALLINGCARD_SUMMERGORGE_TOOLTIP	Summer Gorge		
CALLINGCARD_SKULKHUGGIES_TOOLTIP	Skulk Huggies		
CALLINGCARD_URPABOOTY_TOOLTIP	Urpa Booty		
CALLINGCARD_NEDRAGE_TOOLTIP	Ned Rage		
CALLINGCARD_WELDDONE_TOOLTIP	A Job WELD Done!		
CALLINGCARD_BABYMARINE_TOOLTIP	Baby Marine		
CALLINGCARD_BALANCEGORGE_TOOLTIP	Balance Gorge		
CALLINGCARD_BABBLERSURPRISE_TOOLTIP	Babbler Surprise		
CALLINGCARD_OHNOES_TOOLTIP	Oh Noes		
CALLINGCARD_GORGETABLEFLIP_TOOLTIP	Gorge Table Flip		
CALLINGCARD_SHADOWFADE_TOOLTIP	Shadow Fade		
CALLINGCARD_BURNOUTFADE_TOOLTIP	Burnout Fade		
CALLINGCARD_LORK_TOOLTIP	L0rk		
CALLINGCARD_CHROMAONOS_TOOLTIP	Chroma Onos		
CALLINGCARD_MADAXEGORGE_TOOLTIP	Mad Axe Gorge		
CALLINGCARD_URPA_TOOLTIP	Urpa		
CALLINGCARD_SADBABBLER_TOOLTIP	Sad Babbler		
CALLINGCARD_PUDGY_TOOLTIP	Pudgy		
CALLINGCARD_FORSCIENCE_TOOLTIP	For Science		
CALLINGCARD_BATTLEGORGE_TOOLTIP	Battle Gorge		
CALLINGCARD_TURBODRIFTER_TOOLTIP	Turbo Drifter		
CALLINGCARD_SKULKSLIPPERS_TOOLTIP	Skulk Slippers		
CALLINGCARD_LAZYGORGE_TOOLTIP	Lazy Gorge		
CALLINGCARD_ANGRYONOS_TOOLTIP	Angry Onos		
CALLINGCARD_LERKED_TOOLTIP	Lerked		
CALLINGCARD_OVER9000DEGREES_TOOLTIP	Over 9000 Degrees		
CALLINGCARD_DONTBLINK_TOOLTIP	Don't Blink!		
CALLINGCARD_LOCKEDANDLOADED_TOOLTIP	Locked and Loaded		
STICKY_SHOE_701_TITLE	Zapato pegajoso	CHECK	Joke collectibles: names and descriptions translated.
STICKY_SHOE_702_TITLE	Collar de dientes de Skulk		
STICKY_SHOE_703_TITLE	1 boleto para el Aurora		
STICKY_SHOE_704_TITLE	Clog calloso		
STICKY_SHOE_705_TITLE	Pata de Skulk de la suerte de Urpa		
STICKY_SHOE_706_TITLE	Hovars without Flapping	CHECK	Reads like a book title in broken English; kept.
STICKY_SHOE_707_TITLE	Fibra de Flayra		
STICKY_SHOE_708_TITLE	Cabeza disecada de Hank		
STICKY_SHOE_709_TITLE	Cabeza disecada de Phil		
STICKY_SHOE_710_TITLE	Cabeza disecada de Dave		
STICKY_SHOE_711_TITLE	Cabeza disecada de Sally		
STICKY_SHOE_712_TITLE	Cabeza disecada de Jen		
STICKY_SHOE_713_TITLE	Bolígrafo promocional de la TSF		
STICKY_SHOE_714_TITLE	Huevo de Babbler calcificado		
STICKY_SHOE_715_TITLE	Vial de bacterias Kharaa		
STICKY_SHOE_701_DESC	Llévate un pedacito de la batalla contigo, lo quieras o no.		
STICKY_SHOE_702_DESC	Tomado en combate, perfeccionado en el cuartel. La marca de un verdadero guerrero está en los trofeos que forja en la guerra. Llévalo a la batalla para inspirar la victoria.		
STICKY_SHOE_703_DESC	¿Necesitas un permiso? Este boleto te da pasaje en la próxima misión minera de Alterra a mundos exóticos. ¡No olvides empacar tu traje de baño!		
STICKY_SHOE_704_DESC	Para cuando solo necesitas descansar las extremidades, este Clog endurecido es perfecto para apoyar las garras o los pies.		
STICKY_SHOE_705_DESC	Cuando necesites inspiración extra en la pelea, aprieta fuerte la pata de Skulk de la suerte.		
STICKY_SHOE_706_DESC	La batalla de Sanji contada por quienes volvieron en pedazos.		
STICKY_SHOE_707_DESC	Empieza tu día con lo mejor del Commander original de la TSF. Excelente para la mente y el cuerpo.		
STICKY_SHOE_708_DESC	Arañó, masticó y mordió la bala. El resto de él está en nuestra panza.	CHECK	A rhyme in English; meaning kept, rhyme lost. Same for the next four.
STICKY_SHOE_709_DESC	Construir siempre fue divertido, hasta que Phil quiso pelear y salir corriendo.		
STICKY_SHOE_710_DESC	Aleteando todo el día mantenía a raya a la TSF. Hasta que los Jetpacks y las escopetas despejaron el camino.		
STICKY_SHOE_711_DESC	Usó el destello y los Marines se dispersaron; las minas que dejaron la hicieron salpicar		
STICKY_SHOE_712_DESC	Corneando todo el día, corneando toda la noche, Jen sucumbió a la linterna de un Marine.		
STICKY_SHOE_713_DESC	Dicen que la pluma es más poderosa que la espada. ADVERTENCIA: NO USAR COMO ESPADA.		
